CREATE DATABASE  IF NOT EXISTS `bfree` /*!40100 DEFAULT CHARACTER SET utf8 */;
USE `bfree`;
-- MySQL dump 10.13  Distrib 5.6.17, for Win64 (x86_64)
--
-- Host: localhost    Database: bfree
-- ------------------------------------------------------
-- Server version	5.5.39

/*!40101 SET @OLD_CHARACTER_SET_CLIENT=@@CHARACTER_SET_CLIENT */;
/*!40101 SET @OLD_CHARACTER_SET_RESULTS=@@CHARACTER_SET_RESULTS */;
/*!40101 SET @OLD_COLLATION_CONNECTION=@@COLLATION_CONNECTION */;
/*!40101 SET NAMES utf8 */;
/*!40103 SET @OLD_TIME_ZONE=@@TIME_ZONE */;
/*!40103 SET TIME_ZONE='+00:00' */;
/*!40014 SET @OLD_UNIQUE_CHECKS=@@UNIQUE_CHECKS, UNIQUE_CHECKS=0 */;
/*!40014 SET @OLD_FOREIGN_KEY_CHECKS=@@FOREIGN_KEY_CHECKS, FOREIGN_KEY_CHECKS=0 */;
/*!40101 SET @OLD_SQL_MODE=@@SQL_MODE, SQL_MODE='NO_AUTO_VALUE_ON_ZERO' */;
/*!40111 SET @OLD_SQL_NOTES=@@SQL_NOTES, SQL_NOTES=0 */;

--
-- Table structure for table `address`
--

DROP TABLE IF EXISTS `address`;
/*!40101 SET @saved_cs_client     = @@character_set_client */;
/*!40101 SET character_set_client = utf8 */;
CREATE TABLE `address` (
  `id` int(11) NOT NULL,
  `x` double DEFAULT NULL,
  `y` double DEFAULT NULL,
  `house` longtext,
  `Street_id` int(11) DEFAULT NULL,
  PRIMARY KEY (`id`),
  UNIQUE KEY `idCoordinate_UNIQUE` (`id`),
  KEY `fk_Address_Street_idx` (`Street_id`),
  CONSTRAINT `fk_Address_Street` FOREIGN KEY (`Street_id`) REFERENCES `street` (`id`) ON DELETE NO ACTION ON UPDATE NO ACTION
) ENGINE=InnoDB DEFAULT CHARSET=utf8;
/*!40101 SET character_set_client = @saved_cs_client */;

--
-- Dumping data for table `address`
--

LOCK TABLES `address` WRITE;
/*!40000 ALTER TABLE `address` DISABLE KEYS */;
INSERT INTO `address` VALUES (1,53.68621063,23.8274498,'13',243),(2,53.67155457,23.85064888,'37',36),(3,53.69036865,23.83353996,'17',328),(4,53.67758179,23.82761002,'4',150),(5,53.69195938,23.82551956,'48-501',103),(6,53.68848038,23.84649086,'10-1',482),(7,53.6787796,23.82592964,'48-17',50),(8,53.67060089,23.82239914,'3',490),(9,53.65829086,23.8354702,'4',355),(10,53.64805222,23.7966404,'5',422),(11,53.62717056,23.85637283,'15',106),(12,53.65130997,23.84934998,'88-63',395),(13,53.6555481,23.84981918,'80/1-2',398),(14,53.64419937,23.8611393,'29-43',177),(15,53.676789172657394,23.83037030696869,NULL,NULL),(16,53.67956626620376,23.829908967018127,NULL,NULL),(17,53.70005035,23.81406975,'11',42),(18,53.67615891,23.84774017,'2/1 каб.23',396),(19,53.67615891,23.84774017,'2/1',396),(20,53.67996979,23.85737038,'37-70',192),(21,53.68848038,23.84649086,NULL,NULL),(22,53.68518066,23.85399055,'50',401),(23,53.67060089,23.82239914,NULL,NULL),(24,53.71022034,23.85049057,'25',248),(25,53.70558929,23.84207916,'124/1',121),(26,53.70043945,23.84532928,'7а',55),(27,53.69401932,23.82807922,'23',126),(28,53.70196152,23.80500031,'43/1',80),(29,53.67462921,23.86486053,NULL,NULL),(30,53.71022034,23.85049057,NULL,NULL),(31,53.6724205,23.80965042,'18',83),(32,53.68753815,23.82550049,'2',201),(33,53.67243958,23.8210907,'5',83),(34,53.7000618,23.79002953,'59',42),(35,53.64916992,23.85824966,'89',398),(36,53.6739006,23.7966404,'115',448),(37,53.6739006,23.7966404,'115/4-1',448),(38,53.69203949,23.83399963,'22',328),(39,53.70053101,23.8220005,'77',103),(40,53.66054153,23.81221008,'21',468),(41,53.69401932,23.82209969,'50',103),(42,53.69562149,23.82094002,'62',103),(43,53.69387054,23.80392075,'8Б',48),(44,53.68616867,23.84633064,'49',315),(45,53.67953873,23.83699989,'10',63),(47,53.67276001,23.81039047,'18 (здание д/п № 2)',83),(48,53.699236,23.804462,'35',42),(49,53.67462921,23.86486053,'60/6',396),(50,53.6835289,23.84176064,'6',466),(51,53.69738007,23.79258919,'55',42),(52,53.69467926,23.79496956,'52',42),(53,53.67345047,23.88269043,'100',396),(54,53.69141006,23.79643059,'9',48),(55,53.67731094,23.86298943,'54а',396),(56,53.68355179,23.80344009,'6',481),(57,53.69095993,23.7995491,'11',48),(58,53.68579102,23.8347702,'2/1',121),(59,53.66373062,23.81229973,'7',453),(60,53.65081024,23.82990074,'14/2',489),(61,53.66321945,23.79611015,'4',236),(62,53.69638062,23.79612015,'22/1',473),(63,0,0,'2-1',547),(64,53.69116974,23.79611015,'58',181),(65,53.6906395,23.80780029,'50-102',181),(66,53.65472031,23.8079001,'63',398),(67,53.70632935,23.81048965,'9',234),(68,53.6449585,23.8416996,'6',171),(69,53.67926025,23.86149025,'39',537),(70,53.67230988,23.79607964,'116/1-1',448),(71,53.66506958,23.80982971,'24',303),(72,53.69902039,23.80979919,'1-1',80),(73,53.67726898,23.83849907,'36/1',175),(74,53.67956924,23.8283596,'4-301',320),(75,53.67510986,23.86437035,'58',396),(77,53.70513916,23.79991913,'41',127),(78,53.69749069,23.78993988,'57- 1',42),(79,53.69749069,23.78993988,'57- 2',42),(80,53.68999863,23.82722092,'3',328),(81,53.7000618,23.79002953,'59 - 401',42),(82,53.67789078,23.83806992,'33а',191),(83,53.67155457,23.85064888,'37',36),(84,53.68724,23.83626,'2 корп. 2',1),(85,53.688252,23.840948,'22',1),(86,53.68836,23.84442,'30',1),(87,53.690792,23.84442,'48',3),(88,53.687241,23.839412,'10',16),(89,53.672923,23.839989,'0',21),(90,53.676474,23.841629,'1',21),(91,53.675453,23.841843,'10',21),(92,53.674587,23.840655,'21',21),(93,53.673618,23.840328,'25',21),(94,53.672869,23.840776,'31',21),(95,53.676081,23.842107,'4',21),(96,53.666851,23.859737,'0',36),(97,53.672953,23.84851,'18',36),(98,53.671283,23.853196,'21',36),(99,53.670931,23.857121,'47А',36),(100,53.669904,23.859212,'49',36),(101,53.666197,23.859695,'59',36),(102,53.666226,23.859861,'60',36),(103,53.672692,23.844559,'8',36),(104,53.715117,23.861033,'16',39),(105,53.714988,23.861458,'2',39),(106,53.714708,23.857421,'59',39),(107,53.699254,23.812345,'17',42),(108,53.701652,23.812198,'21',42),(109,53.700546,23.810237,'23',42),(110,53.698569,23.807186,'29',42),(111,53.698075,23.811469,'34',42),(112,53.697785,23.810172,'36',42),(113,53.69782,23.803567,'39',42),(114,53.678122,23.453656,'40',42),(115,53.697825,23.802654,'43',42),(116,53.696884,23.804544,'44',42),(117,53.697654,23.801724,'47',42),(118,53.700885,23.815822,'5',42),(119,53.696342,23.793442,'53',42),(120,53.710788,23.809581,'3',46),(121,53.711542,23.803819,'7',46),(122,53.692732,23.802603,'10',48),(123,53.693537,23.805367,'10Б',48),(124,53.692237,23.802279,'12В',48),(125,53.691976,23.799748,'7',48),(126,53.693602,23.802361,'8Г',48),(127,53.683166,23.830718,'1',50),(128,53.682591,23.830742,'4',50),(129,53.679908,23.826402,'51',50),(130,53.679316,23.82545,'59А',50),(131,53.701694,23.845364,'10',55),(132,53.700071,23.850138,'11',55),(133,53.697312,23.853839,'25/2',55),(134,53.686635,23.847359,'0',57),(135,53.680767,23.84277,'23',57),(136,53.686654,23.848798,'37',57),(137,0,0,'64',57),(138,53.68188,23.838679,'23',63),(139,53.682643,23.839069,'31',63),(140,53.687241,23.800253,'19А',69),(141,53.684383,23.830572,'19',70),(142,53.678704,23.834369,'33',72),(143,53.641468,23.850271,'10',74),(144,53.642026,23.852945,'14',74),(145,53.632182,23.812707,'10',77),(146,53.632267,23.809996,'8',77),(147,53.686411,23.843175,'1',78),(148,53.704367,23.807827,'33',80),(149,53.702476,23.805919,'42',80),(150,53.704223,23.807784,'44',80),(151,53.703038,23.803188,'56',80),(152,53.705719,23.802748,'74',80),(153,53.70534,23.801377,'76',80),(154,53.70443,23.802472,'76А',80),(155,53.707885,23.80094,'92',80),(156,53.671688,23.819935,'10',83),(157,53.672745,23.817087,'17',83),(158,53.672423,23.809728,'18/1',83),(159,53.672741,23.816103,'19',83),(160,53.673508,23.812353,'31',83),(161,53.662956,23.839653,'11',86),(162,53.662475,23.840626,'13',86),(163,53.664237,23.838666,'4',86),(164,53.671049,23.813835,'11',92),(165,53.684298,23.855104,'24',95),(166,53.665794,23.819369,'31',99),(167,53.670083,23.822728,'5',99),(168,53.680303,23.834059,'26',100),(169,53.709968,23.824444,'0',103),(170,53.713798,23.8249,'101',103),(171,53.707546,23.812006,'102',103),(172,53.688258,23.828192,'23',103),(173,53.692701,23.823,'24',103),(174,53.69272,23.822576,'26',103),(175,53.690535,23.826031,'47',103),(176,53.691865,23.825656,'49',103),(177,53.694637,23.821706,'52',103),(178,53.69561,23.820926,'60',103),(179,53.69746,23.82128,'71',103),(180,53.698051,23.822664,'71А',103),(181,53.698989,23.820397,'75',103),(182,53.700914,23.81733,'80',103),(183,53.701449,23.820019,'81',103),(184,53.702103,23.816828,'82',103),(185,53.703141,23.816152,'84',103),(186,53.704056,23.815154,'86',103),(187,53.702511,23.818805,'87',103),(188,53.706194,23.815656,'88',103),(189,53.70493,23.821129,'89А',103),(190,53.70752,23.815265,'90',103),(191,53.709538,23.816517,'91',103),(192,53.709354,23.816431,'91-7',103),(193,53.711954,23.826005,'95',103),(194,53.71395,23.800398,'123',104),(195,0,0,'81',104),(196,53.705815,23.840049,'0',121),(197,53.710713,23.835348,'100',121),(198,53.703163,23.840966,'101',121),(199,53.702197,23.843081,'103/1',121),(200,53.702624,23.844948,'103/2',121),(201,53.690881,23.823959,'104',121),(202,53.705449,23.841338,'113А',121),(203,53.711503,23.844654,'121/1',121),(204,53.712295,23.842209,'129/1',121),(205,53.715319,23.841026,'175',121),(206,53.696092,23.840524,'25',121),(207,53.688771,23.835134,'28',121),(208,53.688857,23.835817,'30',121),(209,53.689252,23.835618,'32',121),(210,53.69816,23.842297,'41/2',121),(211,53.688509,23.836208,'7',121),(212,53.686563,23.834592,'8',121),(213,53.703779,23.839097,'88/1',121),(214,53.704435,23.835323,'88А',121),(215,53.699469,23.843177,'93',121),(216,53.709151,23.839338,'96А',121),(217,53.711541,23.837958,'98',121),(218,53.694402,23.829403,'21',126),(219,53.695436,23.826499,'3/1',126),(220,53.692998,23.828531,'4',126),(221,53.69467,23.831289,'9А',126),(222,53.700474,23.802496,'15',127),(223,53.7017,23.801918,'17',127),(224,53.703212,23.799641,'3',127),(225,53.703232,23.799545,'31',127),(226,53.706747,23.799352,'49',127),(227,53.707531,23.798005,'55',127),(228,53.708642,23.798151,'61Б',127),(229,53.709257,23.802965,'65',127),(230,53.677934,23.826647,'12А',150),(231,53.668713,23.814683,'11А',152),(232,53.678375,23.845053,'0',160),(233,53.678996,23.847067,'32',160),(234,53.643898,23.866966,'0',171),(235,53.637495,23.840229,'11А',171),(236,53.644342,23.843614,'12',171),(237,53.645617,23.843761,'14',171),(238,53.639781,23.84099,'32',171),(239,53.644224,23.841347,'8',171),(240,53.677807,23.83102,'1',175),(241,53.6765,23.838317,'29',175),(242,53.676346,23.838611,'31',175),(243,53.677191,23.839861,'44',175),(244,53.680567,23.829794,'10',176),(245,53.643675,23.851821,'0',177),(246,53.641018,23.844933,'1',177),(247,53.645275,23.849198,'10Б',177),(248,53.643509,23.851298,'13',177),(249,53.642243,23.844785,'2',177),(250,53.646424,23.866458,'41',177),(251,53.644004,23.84625,'6',177),(252,53.643974,23.847567,'8А',177),(253,53.690917,23.82404,'1',181),(254,53.690937,23.821779,'5',181),(255,53.691062,23.805913,'63',181),(256,53.69144,23.804221,'69',181),(257,53.690541,23.801832,'75',181),(258,53.681482,23.836468,'10',185),(259,53.680845,23.838821,'17',185),(260,53.680288,23.839342,'21',185),(261,53.681118,23.838627,'22',185),(262,53.681443,23.835975,'3',185),(263,53.68134,23.836794,'9',185),(264,53.689559,23.881983,'2',187),(265,53.687166,23.878269,'29',187),(266,53.677177,23.889992,'49А',187),(267,53.67915,23.835781,'32',191),(268,53.678446,23.837319,'34',191),(269,53.678373,23.838449,'40',191),(270,53.677705,23.839429,'41',191),(271,53.680007,23.85741,'35/1',192),(272,53.708311,23.805895,'26',199),(273,53.70816,23.808531,'30',199),(274,53.70882,23.808344,'34',199),(275,53.709975,23.810455,'5',199),(276,53.708429,23.812125,'8',199),(277,53.687469,23.821927,'3',201),(278,53.688315,23.82418,'3А',201),(279,53.672618,23.86211,'0',206),(280,53.67336,23.882696,'100',206),(281,53.675564,23.853046,'10Б',206),(282,53.67592,23.845668,'27',206),(283,53.676025,23.8457,'27-81',206),(284,53.676301,23.860732,'38А',206),(285,53.676863,23.859604,'38Б',206),(286,53.675975,23.849518,'4А',206),(287,53.677162,23.863,'54А',206),(288,53.674962,23.863472,'56',206),(289,53.680068,23.865938,'60/6',206),(290,53.674281,23.866836,'64',206),(291,53.673702,23.87062,'68А',206),(292,53.672364,23.863195,'81',206),(293,53.684276,23.850458,'33',210),(294,53.677359,23.8418,'1',216),(295,53.677618,23.84194,'2А',216),(296,53.677645,23.842847,'5',216),(297,53.677857,23.843742,'7а',216),(298,53.65177,23.815536,'2',218),(299,53.673414,23.822038,'73',219),(300,53.637852,23.862244,'7',221),(301,53.675993,23.829708,'6',224),(302,53.676599,23.830252,'8',224),(303,53.677222,23.832191,'8А',224),(304,53.702983,23.809831,'12',234),(305,53.704346,23.810272,'16',234),(306,53.706464,23.809425,'17А',234),(307,53.706332,23.823938,'1А',234),(308,53.706697,23.845446,'26',234),(309,53.706644,23.845296,'26А',234),(310,53.704146,23.85623,'42',234),(311,53.707196,23.853298,'43',234),(312,53.706657,23.811507,'7',234),(313,53.665122,23.784099,'0',236),(314,53.663078,23.795942,'2А',236),(315,53.665489,23.79302,'33',236),(316,53.665122,23.791422,'41',236),(317,53.665329,23.790049,'45',236),(318,53.666147,23.791034,'47',236),(319,53.671438,23.808019,'49',236),(320,53.66601,23.788904,'51',236),(321,53.664578,23.820303,'22',241),(322,53.684175,23.840907,'0',242),(323,53.679596,23.840299,'12А',242),(324,53.683502,23.839746,'32',242),(325,53.678268,23.840525,'4',242),(326,53.678992,23.840026,'8',242),(327,53.685243,23.823567,'31',243),(328,53.669642,23.853839,'40',246),(329,53.704107,23.852399,'11',248),(330,53.704176,23.848387,'12',248),(331,53.704909,23.849135,'20',248),(332,53.702336,23.852547,'3',248),(333,53.70841,23.848042,'30',248),(334,53.711669,23.84883,'32Б',248),(335,53.713841,23.850613,'45/2',248),(336,53.713359,23.845875,'46',248),(337,53.703188,23.85249,'5',248),(338,53.703787,23.850235,'7',248),(339,53.703129,23.846854,'8',248),(340,53.710921,23.850485,'2',267),(341,0,0,'4А',267),(342,53.71214,23.853377,'5',267),(343,53.711558,23.854064,'9-40',267),(344,53.674724,23.809263,'15',284),(345,53.67445,23.81669,'5',284),(346,53.687154,23.831288,'3',286),(347,53.677973,23.836653,'1',289),(348,53.677157,23.836519,'4',289),(349,53.677115,23.828641,'31',294),(350,53.674029,23.827994,'37',294),(351,53.672794,23.830068,'39',294),(352,53.666861,23.833376,'4',295),(353,53.68582,23.805003,'1',304),(354,53.680255,23.82837,'5',306),(355,53.669016,23.82651,'8',306),(357,53.651812,23.778613,'0',311),(358,53.659568,23.785166,'102',311),(359,53.658984,23.784014,'104/1',311),(360,53.659051,53.659051,'137',311),(361,53.65996,23.777873,'143',311),(362,53.65849,23.775565,'155',311),(363,53.670206,23.795031,'46',311),(364,53.668997,23.791025,'52',311),(365,53.66851,23.794953,'58',311),(366,53.670068,23.788003,'63',311),(367,53.666909,23.788966,'70',311),(368,53.666819,23.793497,'76',311),(369,53.663393,23.78543,'82',311),(370,53.662118,23.786693,'86',311),(371,53.661268,23.786285,'94',311),(372,53.683484,23.836649,'11',315),(373,53.685233,23.840048,'22',315),(374,53.68519,23.841349,'30',315),(375,53.685658,23.842036,'32',315),(376,53.685904,23.844049,'38',315),(377,53.682922,23.832971,'4',315),(378,53.685368,23.843561,'41',315),(379,53.687012,23.845921,'42',315),(380,53.686077,23.845386,'47',315),(381,53.683338,23.83614,'9',315),(382,53.687917,23.857626,'9',317),(383,53.67952,23.828287,'4',320),(384,53.680363,23.828327,'5',320),(385,53.690717,23.827401,'2',328),(386,53.674617,23.832507,'3',336),(387,53.657045,23.837859,'10',355),(388,53.65762,23.835188,'12',355),(389,53.655144,23.83711,'34',355),(390,53.650878,23.836838,'56',355),(391,53.650836,23.837068,'56А',355),(392,53.652063,23.837374,'60',355),(393,53.684652,23.834376,'0',358),(394,53.685042,23.834786,'5',358),(395,53.678617,23.830056,'0',359),(396,53.652924,23.81801,'16',365),(397,53.656476,23.830343,'27',365),(398,53.653825,23.832319,'30',365),(399,53.653913,23.829924,'37',365),(400,53.697736,23.878047,'31',367),(401,53.672341,23.83291,'14',369),(402,53.673709,23.839964,'6',378),(403,53.663853,23.870269,'2Д',379),(404,53.672583,23.803896,'0',381),(405,53.674278,23.803469,'1',381),(406,53.67105,23.803628,'10',381),(407,53.670393,23.803379,'12',381),(408,53.670039,23.80318,'14',381),(409,53.67423,23.803404,'1Б',381),(410,53.674458,23.805248,'2',381),(411,53.669209,23.80547,'22А',381),(412,53.668779,23.798426,'27',381),(413,53.670742,23.800565,'3',381),(414,53.667459,23.804823,'34',381),(415,53.670605,23.80151,'5',381),(416,53.666579,23.806164,'50',381),(417,53.648272,23.840205,'0',395),(418,53.660076,23.859028,'102',395),(419,53.648429,23.844719,'15А',395),(420,53.647878,23.847969,'19',395),(421,53.650792,23.840781,'20',395),(422,53.646869,23.847589,'21',395),(423,53.6495,23.837438,'2А',395),(424,53.647636,23.841596,'3',395),(425,53.649635,23.842613,'34',395),(426,53.647528,23.841584,'3Б',395),(427,53.651609,23.838621,'4',395),(428,53.652171,23.844548,'52',395),(429,53.650276,23.845938,'64',395),(430,53.652515,23.846275,'74',395),(431,53.651867,23.849606,'86',395),(432,53.658744,23.855255,'98А',395),(433,53.692417,23.808198,'31',397),(434,53.696151,23.807455,'7',397),(435,53.657466,23.840348,'0',398),(436,53.658753,23.839029,'22',398),(437,53.658178,23.840982,'24',398),(438,53.660565,23.842171,'52',398),(439,53.656083,23.842199,'53',398),(440,53.65477,23.846049,'63',398),(441,53.653,23.849159,'71',398),(442,53.657021,23.841784,'74А',398),(443,53.684831,23.857044,'69',401),(444,53.653236,23.805502,'47',406),(445,53.697185,23.831796,'0',408),(446,53.69662,23.832294,'30',408),(447,53.696577,23.834308,'31А',408),(448,53.696726,23.827091,'40',408),(449,53.688893,23.787455,'0',409),(450,53.685961,23.834827,'11',409),(451,53.660667,23.788458,'17',416),(452,53.657391,23.786823,'35',416),(453,53.654993,23.783466,'45',416),(454,53.66306,23.789821,'7',416),(455,53.662476,23.791124,'9А',416),(456,53.628576,23.854198,'8',425),(457,53.675334,23.83747,'3',430),(458,53.694946,23.817792,'64',434),(459,53.696652,23.816674,'66',434),(460,53.667551,23.910683,'18',438),(461,53.646619,23.827357,'0',442),(462,53.636779,23.808362,'4',442),(463,53.647826,23.829779,'7',442),(464,53.678691,23.829837,'0',447),(465,53.680857,23.830579,'10',447),(466,53.681637,23.831241,'14',447),(467,53.682177,23.831461,'18',447),(468,53.681292,23.831532,'23',447),(469,53.682104,23.832279,'29',447),(470,53.682272,23.83233,'31',447),(471,53.679391,23.829214,'4',447),(472,53.678154,23.828348,'6',447),(473,53.670695,23.799781,'0',448),(474,53.671015,23.799674,'110',448),(475,53.671254,23.79797,'112А',448),(476,53.671582,23.795299,'116/1',448),(477,53.671792,23.795374,'116А',448),(478,53.667704,23.827969,'2',448),(479,53.669544,23.820573,'51/1',448),(480,53.669647,23.819548,'51/2',448),(481,53.670198,23.812987,'80',448),(482,53.671566,23.809925,'91',448),(483,53.670746,23.808724,'92',448),(484,53.670919,23.807554,'94',448),(485,53.67047,23.806658,'98',448),(486,53.670137,23.806155,'98А',448),(487,53.66335,23.858627,'39',449),(488,53.678383,23.834113,'37',458),(489,53.682875,23.835579,'4',458),(490,53.636356,23.851521,'21',465),(491,53.639575,23.858094,'7',465),(492,53.662398,23.814451,'13',467),(493,53.652001,23.787721,'135',467),(494,53.661432,23.81353,'15',467),(495,53.66139,23.811908,'19',467),(496,53.660422,23.812155,'21',467),(497,53.656197,23.802344,'216',467),(498,53.655607,23.802553,'220',467),(499,53.652865,23.796399,'254',467),(500,53.650902,23.791037,'256',467),(501,53.659714,23.809767,'27',467),(502,53.69499,23.81411,'3',470),(503,53.696436,23.814388,'5',470),(504,53.695996,23.813043,'9',470),(505,53.667327,23.83436,'38',471),(506,53.696289,23.855256,'22',473),(507,53.712099,23.855429,'58',473),(508,53.682895,23.837155,'8',477),(509,53.681993,23.832585,'4',478),(510,53.696458,23.841827,'18',480),(511,53.696364,23.843364,'20А',480),(512,53.693586,23.849403,'27',480),(513,53.69598,23.848407,'28',480),(514,53.695961,23.848439,'28/1',480),(515,53.696639,23.851187,'46А',480),(516,53.696694,23.852688,'48',480),(517,53.687305,23.805464,'0',481),(518,53.688658,23.845549,'0',482),(519,53.692686,23.847179,'1',482),(520,53.688382,23.846453,'10/1 офис 20',482),(521,53.688778,23.845427,'8',482),(522,53.67072,23.81919,'12',483),(523,53.666882,23.816814,'30',483),(524,53.671935,23.819291,'7',483),(525,53.671475,23.818989,'9',483),(526,0,0,'3',487),(527,53.678115,23.829812,'38',487),(528,53.651144,23.828713,'14А',489),(529,53.649119,23.826681,'28',489),(530,53.648891,23.833107,'6А',489),(531,53.648406,23.832781,'6Б',489),(532,53.685289,23.833697,'1 - 1А',494),(533,0,0,'6',504),(534,53.666307,23.776503,'15/189-1',508),(535,53.663359,23.778111,'15/200Б',508),(536,53.665047,23.780903,'15/204',508),(537,53.664663,23.779439,'15/204А п.4',508),(538,53.662711,23.782376,'15-204А',508),(539,0,0,'3',508),(540,53.658979,23.843647,'0',509),(541,53.662124,23.844495,'16',509),(542,53.66235,23.847351,'17',509),(543,53.630467,23.852076,'2',511),(544,53.624929,23.856128,'59',511),(545,53.627697,23.854682,'6',511),(546,53.641159,23.861696,'9',513),(547,53.683037,23.824417,'2/2',519),(548,53.626474,23.85738,'4А',520),(549,53.68176,23.857486,'30А',537),(550,53.678193,23.861334,'45',537),(551,53.682546,23.857769,'50А',537),(552,53.644546,23.870735,'1А',540),(553,53.659635,23.837342,'20',541),(554,53.657593,23.840822,'22',541),(555,53.661121,23.840147,'48',541),(556,53.656793,23.841031,'49',541),(557,53.653517,23.841764,'5',541),(558,53.656066,23.842143,'53',541),(559,53.659299,23.848756,'74',541),(560,53.658918,23.849387,'76',541),(561,53.65857,23.852031,'82',541),(562,53.631926,23.812094,'0',548),(563,53.643253,23.867208,'6',549),(564,53.661405,23.807039,'117',550),(565,53.677556,23.855486,'2',551);
/*!40000 ALTER TABLE `address` ENABLE KEYS */;
UNLOCK TABLES;

--
-- Table structure for table `category`
--

DROP TABLE IF EXISTS `category`;
/*!40101 SET @saved_cs_client     = @@character_set_client */;
/*!40101 SET character_set_client = utf8 */;
CREATE TABLE `category` (
  `id` int(11) NOT NULL AUTO_INCREMENT,
  `name` varchar(45) DEFAULT NULL,
  `image` varchar(45) DEFAULT NULL,
  `Category_id` int(11) DEFAULT NULL,
  PRIMARY KEY (`id`),
  UNIQUE KEY `id_UNIQUE` (`id`),
  KEY `fk_Category_Category1_idx` (`Category_id`),
  CONSTRAINT `fk_Category_Category1` FOREIGN KEY (`Category_id`) REFERENCES `category` (`id`) ON DELETE NO ACTION ON UPDATE NO ACTION
) ENGINE=InnoDB AUTO_INCREMENT=49 DEFAULT CHARSET=utf8;
/*!40101 SET character_set_client = @saved_cs_client */;

--
-- Dumping data for table `category`
--

LOCK TABLES `category` WRITE;
/*!40000 ALTER TABLE `category` DISABLE KEYS */;
INSERT INTO `category` VALUES (1,'Здравоохранение',NULL,NULL),(2,'Магазины',NULL,NULL),(3,'Кафе и рестораны',NULL,NULL),(4,'Образование',NULL,NULL),(5,'Транспорт',NULL,NULL),(6,'Культура и религия',NULL,NULL),(7,'Огранизации',NULL,NULL),(8,'Спорт и отдых',NULL,NULL),(9,'Финансы и связь',NULL,NULL),(10,'Поликлиники',NULL,1),(11,'Больницы',NULL,1),(12,'Стоматологии',NULL,1),(13,'Детские учреждения',NULL,4),(14,'Частные учреждения',NULL,1),(15,'Ясли-сад',NULL,8),(16,'Школы',NULL,4),(17,'Учебные центры',NULL,4),(18,'Гимназии, лицеи',NULL,4),(19,'Специальные школы',NULL,4),(20,'Детские дома',NULL,4),(21,'Спортивные комплексы',NULL,8),(22,'Спортивные школы',NULL,8),(23,'Спортивные клубы',NULL,8),(24,'Тренажерные залы',NULL,8),(25,'Кинотеатры',NULL,8),(26,'Автозаправочные станции',NULL,5),(27,'Гостиницы',NULL,7),(28,'Автостоянки',NULL,5),(29,'Вокзалы',NULL,5),(30,'Банки',NULL,9),(31,'Отделения связи',NULL,9),(32,'ЖКХ',NULL,7),(33,'ВУЗы',NULL,4),(34,'СУЗы',NULL,4),(35,'Банно-прачечные комплесы',NULL,7),(36,'Магазины',NULL,2),(37,'Милиция',NULL,7),(38,'Налоговая',NULL,7),(39,'Общепит',NULL,3),(40,'Учреждения соцзащиты',NULL,7),(41,'Библиотеки',NULL,6),(42,'Школы искусств',NULL,6),(43,'Центры культуры',NULL,6),(44,'Храмы',NULL,6),(45,'Ночные клубы',NULL,8),(46,'Аптеки',NULL,1),(47,'Театры',NULL,8);
/*!40000 ALTER TABLE `category` ENABLE KEYS */;
UNLOCK TABLES;

--
-- Table structure for table `city`
--

DROP TABLE IF EXISTS `city`;
/*!40101 SET @saved_cs_client     = @@character_set_client */;
/*!40101 SET character_set_client = utf8 */;
CREATE TABLE `city` (
  `id` int(11) NOT NULL AUTO_INCREMENT,
  `name` varchar(45) DEFAULT NULL,
  `Region_id` int(11) NOT NULL,
  PRIMARY KEY (`id`),
  KEY `fk_City_Region_idx` (`Region_id`),
  CONSTRAINT `fk_City_Region` FOREIGN KEY (`Region_id`) REFERENCES `region` (`id`) ON DELETE NO ACTION ON UPDATE NO ACTION
) ENGINE=InnoDB AUTO_INCREMENT=2 DEFAULT CHARSET=utf8;
/*!40101 SET character_set_client = @saved_cs_client */;

--
-- Dumping data for table `city`
--

LOCK TABLES `city` WRITE;
/*!40000 ALTER TABLE `city` DISABLE KEYS */;
INSERT INTO `city` VALUES (1,'Гродно',1);
/*!40000 ALTER TABLE `city` ENABLE KEYS */;
UNLOCK TABLES;

--
-- Table structure for table `comment`
--

DROP TABLE IF EXISTS `comment`;
/*!40101 SET @saved_cs_client     = @@character_set_client */;
/*!40101 SET character_set_client = utf8 */;
CREATE TABLE `comment` (
  `id` int(11) NOT NULL AUTO_INCREMENT,
  `text` longtext,
  `date` datetime DEFAULT NULL,
  `user_id` int(11) NOT NULL,
  `organization_id` int(11) NOT NULL,
  PRIMARY KEY (`id`),
  UNIQUE KEY `idComment_UNIQUE` (`id`),
  KEY `fk_comment_user1_idx` (`user_id`),
  KEY `fk_comment_organization1_idx` (`organization_id`),
  CONSTRAINT `fk_comment_organization1` FOREIGN KEY (`organization_id`) REFERENCES `organization` (`id`) ON DELETE NO ACTION ON UPDATE NO ACTION,
  CONSTRAINT `fk_comment_user1` FOREIGN KEY (`user_id`) REFERENCES `user` (`id`) ON DELETE NO ACTION ON UPDATE NO ACTION
) ENGINE=InnoDB DEFAULT CHARSET=utf8;
/*!40101 SET character_set_client = @saved_cs_client */;

--
-- Dumping data for table `comment`
--

LOCK TABLES `comment` WRITE;
/*!40000 ALTER TABLE `comment` DISABLE KEYS */;
/*!40000 ALTER TABLE `comment` ENABLE KEYS */;
UNLOCK TABLES;

--
-- Table structure for table `country`
--

DROP TABLE IF EXISTS `country`;
/*!40101 SET @saved_cs_client     = @@character_set_client */;
/*!40101 SET character_set_client = utf8 */;
CREATE TABLE `country` (
  `id` int(11) NOT NULL,
  `name` varchar(45) DEFAULT NULL,
  PRIMARY KEY (`id`)
) ENGINE=InnoDB DEFAULT CHARSET=utf8;
/*!40101 SET character_set_client = @saved_cs_client */;

--
-- Dumping data for table `country`
--

LOCK TABLES `country` WRITE;
/*!40000 ALTER TABLE `country` DISABLE KEYS */;
INSERT INTO `country` VALUES (1,'Беларусь');
/*!40000 ALTER TABLE `country` ENABLE KEYS */;
UNLOCK TABLES;

--
-- Table structure for table `element`
--

DROP TABLE IF EXISTS `element`;
/*!40101 SET @saved_cs_client     = @@character_set_client */;
/*!40101 SET character_set_client = utf8 */;
CREATE TABLE `element` (
  `id` int(11) NOT NULL AUTO_INCREMENT,
  `name` varchar(45) DEFAULT NULL,
  `description` longtext,
  `image` varchar(45) DEFAULT NULL,
  PRIMARY KEY (`id`),
  UNIQUE KEY `idElement_UNIQUE` (`id`)
) ENGINE=InnoDB AUTO_INCREMENT=7 DEFAULT CHARSET=utf8;
/*!40101 SET character_set_client = @saved_cs_client */;

--
-- Dumping data for table `element`
--

LOCK TABLES `element` WRITE;
/*!40000 ALTER TABLE `element` DISABLE KEYS */;
INSERT INTO `element` VALUES (1,'Пандус','Обеспечение подъезда инвалидных колясок к расположенному над цоколем здания парадному входу',NULL),(2,'Подъёмники для инвалидов','Предназначено для перемещения инвалида в кресле-коляске по лестничному маршу с большим уклоном',NULL),(3,'Окрашенные ступени',NULL,NULL),(4,'Специальный санитарный узел для инвалидов','Туалет',NULL),(5,'Широкие двери','Для колясок',NULL),(6,'Поручни',NULL,NULL);
/*!40000 ALTER TABLE `element` ENABLE KEYS */;
UNLOCK TABLES;

--
-- Table structure for table `organization`
--

DROP TABLE IF EXISTS `organization`;
/*!40101 SET @saved_cs_client     = @@character_set_client */;
/*!40101 SET character_set_client = utf8 */;
CREATE TABLE `organization` (
  `id` int(11) NOT NULL AUTO_INCREMENT,
  `name` longtext,
  `description` longtext,
  `user_id` int(11) NOT NULL,
  `address_id` int(11) NOT NULL,
  `image` varchar(45) DEFAULT NULL,
  `Category_id` int(11) NOT NULL,
  `verified` tinyint(1) DEFAULT '0',
  PRIMARY KEY (`id`),
  UNIQUE KEY `idObject_UNIQUE` (`id`),
  KEY `fk_organization_user1_idx` (`user_id`),
  KEY `fk_organization_coordinate1_idx` (`address_id`),
  KEY `fk_organization_Category1_idx` (`Category_id`),
  CONSTRAINT `fk_organization_Category1` FOREIGN KEY (`Category_id`) REFERENCES `category` (`id`) ON DELETE NO ACTION ON UPDATE NO ACTION,
  CONSTRAINT `fk_organization_coordinate1` FOREIGN KEY (`address_id`) REFERENCES `address` (`id`) ON DELETE NO ACTION ON UPDATE NO ACTION,
  CONSTRAINT `fk_organization_user1` FOREIGN KEY (`user_id`) REFERENCES `user` (`id`) ON DELETE NO ACTION ON UPDATE NO ACTION
) ENGINE=InnoDB AUTO_INCREMENT=676 DEFAULT CHARSET=utf8;
/*!40101 SET character_set_client = @saved_cs_client */;

--
-- Dumping data for table `organization`
--

LOCK TABLES `organization` WRITE;
/*!40000 ALTER TABLE `organization` DISABLE KEYS */;
INSERT INTO `organization` VALUES (1,'Epolet','Place for family',4,1,NULL,45,0),(2,'Дежурная аптека аптека','Всегда открыта',4,2,NULL,46,0),(3,'Аптека №2','Редкие лекарства',4,3,NULL,46,0),(4,'Фитоаптека','Лекарства на растительных основах',4,4,NULL,46,0),(5,'Поликлиника №4','Самые добрые доктора',4,5,NULL,10,0),(6,'Ж/Д Вокзал','Беларуская Чыгунка',4,6,NULL,29,0),(7,'Каложская церковь','Старейший православный храм',4,7,NULL,44,0),(8,'Октябрь','3d',4,8,NULL,25,0),(9,'Драматический театр','Визитка города',4,9,NULL,47,0),(10,'Гимназия №1','Лучшая школа для вашего ребенка',4,10,NULL,18,0),(11,'Стоительный лицей','Можно выучиться на сварщика',4,11,NULL,34,0),(12,'ГрГУ','Крупнейший региональный ВУЗ',4,12,NULL,33,0),(13,'Iron','Фитнес для всех',5,13,NULL,24,0),(14,'Шахматно-шашечный клуб','Уверенный ход конем',5,14,NULL,23,0),(15,'Пивной ресторан Неман','Первый в городе',1,15,NULL,39,0),(16,'Lamberjack','Скидки бородачам',1,16,NULL,39,0),(17,'Чайкоффский','Никакого алкоголя',1,17,NULL,39,0),(18,'ГУЗ «Городская поликлиника № 1 г.Гродно»',NULL,1,18,NULL,10,0),(19,'Филиал ООО ЛОДЭ',NULL,1,19,NULL,14,0),(20,'ООО «Амфирея»',NULL,1,20,NULL,14,0),(21,'ООО «БьютиВY»',NULL,1,21,NULL,14,0),(22,'ООО «Межэлит»',NULL,1,22,NULL,14,0),(23,'Гродненская центральная городская поликлиника',NULL,1,23,NULL,10,0),(24,'ГУЗ «Городская поликлиника № 3 г.Гродно»',NULL,1,24,NULL,10,0),(25,'ОДО «Нарктер»',NULL,1,25,NULL,14,0),(26,'МОДО «Юлан»',NULL,1,26,NULL,14,0),(27,'ЧУП «СтилЛорИв»',NULL,1,27,NULL,14,1),(28,'ОДО «Колповид»',NULL,1,28,NULL,14,1),(29,'ГУЗ «Городская поликлиника №5 г.Гродно»',NULL,1,29,NULL,10,1),(30,'ГУЗ «Городская поликлиника №6 г.Гродно»',NULL,1,30,NULL,10,1),(31,'ГУЗ «Детская поликлиника № 2 г.Гродно»','Детская поликлиника № 2 г.Гродно',1,1,NULL,10,0),(32,'УЗ « Гродненская областная клиническая больница медицинской реабилитации г. Гродно»','Гродненская областная клиническая больница медицинской реабилитации г. Гродно',1,1,NULL,11,0),(33,'УЗ «Городская клиническая больница № 2 г. Гродно»','Городская клиническая больница № 2 г. Гродно',1,1,NULL,11,0),(34,'УЗ «Городская клиническая больница №3 г.Гродно» (лечебный корпус)','Лечебный корпус Городская клинической больницы №3 г.Гродно',1,1,NULL,11,0),(35,'УЗ «Городская клиническая больница №4 г.Гродно»','Городская клиническая больница №4 г.Гродно',1,1,NULL,11,0),(36,'УЗ «Городская клиническая больница скорой медицинской помощи г. Гродно»','Городская клиническая больница скорой медицинской помощи г. Гродно',1,1,NULL,11,0),(37,'ГУЗ «Гродненская городская станция скорой медицинской помощи»','Гродненская городская станция скорой медицинской помощи',1,1,NULL,11,0),(38,'УЗ «Гродненская областная детская клиническая больница»','Гродненская областная детская клиническая больница',1,1,NULL,11,0),(39,'УЗ «Гродненский областной клинический перинатальный центр»','Гродненский областной клинический перинатальный центр',1,1,NULL,11,0),(40,'Центральная городская стоматологическая поликлиника','Центральная городская стоматологическая поликлиника',1,1,NULL,12,0),(41,'Филиал «Детская стоматологическая поликлиника г. Гродно»','Детская стоматологическая поликлиника г. Гродно',1,1,NULL,12,0),(42,'Филиал «Стоматологическая поликлиника № 1 г. Гродно»','Стоматологическая поликлиника № 1 г. Гродно',1,1,NULL,12,0),(43,'Ортопедическое отделение № 2','Ортопедическое отделение № 2',1,1,NULL,11,0),(44,'Лечебно-хирургическое отделение №  2','Лечебно-хирургическое отделение №  2',1,1,NULL,11,0),(45,'УЗ «Гродненский областной кожно-венерологический диспансер» Стационарное отделение','Стационарное отделение Гродненского областного кожно-венерологического диспансера',1,1,NULL,11,0),(46,'УЗ «Гродненский областной кожно-венерологический диспансер» (поликлиническое отделение)','Поликлиническое отделение Гродненского областного кожно-венерологического диспансера',1,1,NULL,10,0),(47,'ГОУЗ «Медико-реабилитационная экспертная комиссия»','Медико-реабилитационная экспертная комиссия',1,1,NULL,10,0),(48,'ГУЗ «Гродненский областной центр медицинской реабилитации детей-инвалидов и больных детей психоневрологического профиля»','Гродненский областной центр медицинской реабилитации детей-инвалидов',1,1,NULL,11,0),(49,'УЗ «Гродненский областной клинический центр «Психиатрия-наркология»»','Гродненский областной клинический центр «Психиатрия-наркология»',1,1,NULL,11,0),(50,'УЗ «Гродненская областная станция переливания крови»','Гродненская областная станция переливания крови',1,1,NULL,11,0),(51,'УЗ «Гродненский областной клинический центр Фтизиатрия»','Гродненский областной клинический центр Фтизиатрия',1,1,NULL,11,0),(52,'УЗ «Гродненская областная клиническая больница»','Гродненская областная клиническая больница',1,1,NULL,11,0),(53,'Медико-санитарная часть ОАО «Гродно Азот»','Медико-санитарная часть ОАО «Гродно Азот»',1,1,NULL,11,0),(54,'УЗ «Гродненский областной клинический кардиологический центр»','Гродненский областной клинический кардиологический центр',1,1,NULL,11,0),(55,'ГУ «Гродненский зональный центр гигиены и эпидемиологии»','Гродненский зональный центр гигиены и эпидемиологии',1,1,NULL,11,0),(56,'ГУЗ «Гродненский областной дом ребенка смешанного типа»','Гродненский областной дом ребенка смешанного типа',1,1,NULL,20,0),(57,'УЗ «Гродненский областной эндокринологический диспансер»','Гродненский областной эндокринологический диспансер',1,1,NULL,10,0),(58,'Стоматология МОДО «Денс»','Стоматология МОДО «Денс»',1,1,NULL,12,0),(59,'Стоматология ЧУП «Тайгор»','Стоматология ЧУП «Тайгор»',1,1,NULL,12,0),(60,'Стоматология ЧУП «Стомисс»','Стоматология ЧУП «Стомисс»',1,1,NULL,12,0),(61,'Стоматология ЧУП «АксисДент»','Стоматология ЧУП «АксисДент»',1,1,NULL,12,0),(62,'Стоматология ЧТУП «Ивафарм»','Стоматология ЧТУП «Ивафарм»',1,1,NULL,12,0),(63,'Стоматология ЧТУП «Георан»','Стоматология ЧТУП «Георан»',1,1,NULL,12,0),(64,'Стоматология ЧСТУП «ТамалДент»','Стоматология ЧСТУП «ТамалДент»',1,1,NULL,12,0),(65,'Стоматология ЧМУП «ВИП Смайл»','Стоматология ЧМУП «ВИП Смайл»',1,1,NULL,12,0),(66,'Стоматология ЧСУП «Лениш Дент»','Стоматология ЧСУП «Лениш Дент»',1,1,NULL,12,0),(67,'Стоматология ЧСУП «Дентариум»','Стоматология ЧСУП «Дентариум»',1,1,NULL,12,0),(68,'Стоматология ЧСУП «ГарденСмайл»','Стоматология ЧСУП «ГарденСмайл»',1,1,NULL,12,0),(69,'Стоматология ЧМУП «Ювимед»','Стоматология ЧМУП «Ювимед»',1,1,NULL,12,0),(70,'Стоматология ЧМУП «Дент-Титл»','Стоматология ЧМУП «Дент-Титл»',1,1,NULL,12,0),(71,'Стоматология ЧМУП «Алефком»','Стоматология ЧМУП «Алефком»',1,1,NULL,12,0),(72,'Стоматология ОДО «Одас»','Стоматология ОДО «Одас»',1,1,NULL,12,0),(73,'Стоматология ОДО «ДентАртик»','Стоматология ОДО «ДентАртик»',1,1,NULL,12,0),(74,'Стоматология ОДО «Валентина Дент»','Стоматология ОДО «Валентина Дент»',1,1,NULL,12,0),(75,'ГУ «Гродненский областной центр гигиены, эпидемиологии и общественного здоровья»','',1,1,NULL,11,0),(76,'УЗ «Гродненский областной кожно-венерологический диспансер» Стационарное отделение',' Гродненский областной кожно-венерологический диспансер. Стационарное отделение',1,1,NULL,11,0),(77,'УЗ «Гродненский областной кожно-венерологический диспансер» Поликлиническое отделение','Гродненский областной кожно-венерологический диспансер. Поликлиническое отделение',1,1,NULL,10,0),(78,'УЗ «Гродненская областная инфекционная клиническая больница»','лечебный корпус',1,1,NULL,11,0),(79,'УЗ «Гродненская областная инфекционная клиническая больница». Лечебный корпус','Гродненская областная инфекционная клиническая больница. Лечебный корпус',1,1,NULL,11,0),(80,'Поликлиника УВД','Поликлиника УВД',1,1,NULL,10,0),(81,'ОБО «Гродненский детский хоспис»','ОБО “Гродненский детский хоспис”',1,1,NULL,7,0),(82,'КУП «Медицинский центр красоты и здоровья»','КУП «Медицинский центр красоты и здоровья»',1,1,NULL,7,0),(83,'Аптека №1, г.Гродно','',1,1,NULL,46,0),(84,'Аптека №2, г.Гродно','',1,1,NULL,46,0),(85,'Аптека №3, г.Гродно','',1,1,NULL,46,0),(86,'Аптека №36, г.Гродно','',1,1,NULL,46,0),(87,'Аптека №49, г.Гродно','',1,1,NULL,46,0),(88,'Аптека №63, г.Гродно (пол-ка обл.больницы)','',1,1,NULL,46,0),(89,'Аптека №79, г.Гродно (детская пол-ка №2)','',1,1,NULL,46,0),(90,'Аптека №84, г.Гродно (филиал пол-ки №1)','',1,1,NULL,46,0),(91,'Аптека №106 (хир.корпус обл.больницы)','Аптека №106',1,1,NULL,46,0),(92,'Аптека №109,г.Гродно (пол-ка МСЧ «Азот»)','',1,1,NULL,46,0),(93,'Аптека №114, г.Гродно','',1,1,NULL,46,0),(94,'Аптека №119, г.Гродно','',1,1,NULL,46,0),(95,'Аптека №124, г.Гродно (кожвендиспансер)','',1,1,NULL,46,0),(96,'Аптека №131, г.Гродно','',1,1,NULL,46,0),(97,'Аптека №134, г.Гродно','',1,1,NULL,46,0),(98,'Аптека №135, г.Гродно','',1,1,NULL,46,0),(99,'Аптека №143, г.Гродно','',1,1,NULL,46,0),(100,'Аптека №145, г.Гродно (пол-ка №1)','',1,1,NULL,46,0),(101,'Аптека №147, г.Гродно','',1,1,NULL,46,0),(102,'Аптека №149, г.Гродно (кардиодиспансер)','',1,1,NULL,46,0),(103,'Аптека №150, г.Гродно (центральная пол-ка)','',1,1,NULL,46,0),(104,'Аптека №152, г.Гродно (детская пол-ка №1)','',1,1,NULL,46,0),(105,'Аптека №153, г.Гродно','',1,1,NULL,46,0),(106,'Аптека №157, г.Гродно','Скидельский рынок',1,1,NULL,46,0),(107,'Аптека №158, г.Гродно','',1,1,NULL,46,0),(108,'Аптека №159, г.Гродно','',1,1,NULL,46,0),(109,'Аптека №160, г.Гродно','',1,1,NULL,46,0),(110,'Аптека №170, г.Гродно','пол-ка №3',1,1,NULL,46,0),(111,'Аптека №174, г.Гродно','пол-ка УВД',1,1,NULL,46,0),(112,'Аптека №175, г.Гродно','больница №3',1,1,NULL,46,0),(113,'Аптека №180, г.Гродно','психо-нарк. диспансер',1,1,NULL,46,0),(114,'Аптека №186, г.Гродно','больница скорой медицинской помощи',1,1,NULL,46,0),(115,'Аптека №190, г.Гродно','больница №4',1,1,NULL,46,0),(116,'Аптека №199, г.Гродно','',1,1,NULL,46,0),(117,'Аптека №200, г.Гродно','пол-ка №4',1,1,NULL,46,0),(118,'Аптека №203, г.Гродно','ТЦ «Корона»',1,1,NULL,46,0),(119,'Аптека №205, г.Гродно','',1,1,NULL,46,0),(120,'Аптека №215, г.Гродно','перинотальный центр',1,1,NULL,46,0),(121,'Аптека №220, г.Гродно','стоматологическая пол-ка',1,1,NULL,46,0),(122,'Аптека №221, г.Гродно','',1,1,NULL,46,0),(123,'Аптека №223, г.Гродно','пол-ка №6',1,1,NULL,46,0),(124,'ГУ «Гродненский зональный центр гигиены и эпидемиологии»','Гродненский зональный центр гигиены и эпидемиологии»',1,1,NULL,11,0),(125,'ГУО «Межшкольный учебно-производственный комбинат трудового обучения и профессиональной ориентации №2 г.Гродно»','«Межшкольный учебно-производственный комбинат трудового обучения и профессиональной ориентации №2 г.Гродно»',1,1,NULL,19,0),(126,'ГУО «Центр творчества детей и молодежи «Прамень» г.Гродно»','«Центр творчества детей и молодежи «Прамень» г.Гродно»',1,1,NULL,17,0),(127,'ГУО «Детский дом г.Гродно»','«Детский дом г.Гродно»',1,1,NULL,20,0),(128,'ГУО «Гимназия №1 им. академика Е.Ф.Карского г.Гродно»','«Гимназия №1 им. академика Е.Ф.Карского г.Гродно»',1,1,NULL,18,0),(129,'ГУО «Гимназия №3 г.Гродно»','«Гимназия №3 г.Гродно»',1,1,NULL,18,0),(130,'ГУО «Гимназия №4 г.Гродно»','«Гимназия №4 г.Гродно»',1,1,NULL,18,0),(131,'ГУО «Гимназия №7 г.Гродно»','«Гимназия №7 г.Гродно»',1,1,NULL,18,0),(132,'ГУО «Гимназия №9 им. Ф.П.Кириченко г.Гродно»','«Гимназия №9 им. Ф.П.Кириченко г.Гродно»',1,1,NULL,18,0),(133,'ГУО «Средняя школа №3 им. В.М. Усова г.Гродно»','«Средняя школа №3 им. В.М. Усова г.Гродно»',1,1,NULL,16,0),(134,'ГУО «Средняя школа №5 г.Гродно»','«Средняя школа №5 г.Гродно»',1,1,NULL,16,0),(135,'ГУО «Средняя школа №6 г.Гродно»','«Средняя школа №6 г.Гродно»',1,1,NULL,16,0),(136,'ГУО «Средняя школа №11 им. генерала армии А.И. Антонова г. Гродно»','«Средняя школа №11 им. генерала армии А.И. Антонова г. Гродно»',1,1,NULL,16,0),(137,'ГУО «Средняя школа №12 г.Гродно»','«Средняя школа №12 г.Гродно»',1,1,NULL,16,0),(138,'ГУО «Средняя школа №13 г.Гродно»','«Средняя школа №13 г.Гродно»',1,1,NULL,16,0),(139,'ГУО «Средняя школа №15 им. Д.М.Карбышева г.Гродно»','«Средняя школа №15 им. Д.М.Карбышева г.Гродно»',1,1,NULL,16,0),(140,'ГУО «Средняя школа №19 г.Гродно»','«Средняя школа №19 г.Гродно»',1,1,NULL,16,0),(141,'ГУО «Средняя школа №20 г.Гродно»','«Средняя школа №20 г.Гродно»',1,1,NULL,16,0),(142,'ГУО «Средняя школа №26 г.Гродно»','«Средняя школа №26 г.Гродно»',1,1,NULL,16,0),(143,'ГУО «Средняя школа №31 г.Гродно»','«Средняя школа №31 г.Гродно»',1,1,NULL,16,0),(144,'ГУО «Средняя школа №33 г.Гродно»','«Средняя школа №33 г.Гродно»',1,1,NULL,16,0),(145,'ГУО «Средняя школа №34 г.Гродно»','«Средняя школа №34 г.Гродно»',1,1,NULL,16,0),(146,'ГУО «Средняя школа №35 г.Гродно»','«Средняя школа №35 г.Гродно»',1,1,NULL,16,0),(147,'ГУО «Средняя школа №37 г.Гродно»','«Средняя школа №37 г.Гродно»',1,1,NULL,16,0),(148,'ГУО «Средняя школа №38 г.Гродно»','«Средняя школа №38 г.Гродно»',1,1,NULL,16,0),(149,'ГУО «Ясли-сад №4 г.Гродно»','«Ясли-сад №4 г.Гродно»',1,1,NULL,15,0),(150,'ГУО «Специальный ясли-сад №5 г.Гродно»','«Специальный ясли-сад №5 г.Гродно»',1,1,NULL,15,0),(151,'ГУО «Специальный детский сад №19 г.Гродно»','«Специальный детский сад №19 г.Гродно»',1,1,NULL,15,0),(152,'ГУО «Ясли-сад №20 г.Гродно»','«Ясли-сад №20 г.Гродно»',1,1,NULL,15,0),(153,'ГУО «Ясли-сад №22 г.Гродно»','«Ясли-сад №22 г.Гродно»',1,1,NULL,15,0),(154,'ГУО «Ясли-сад №23 г.Гродно»','«Ясли-сад №23 г.Гродно»',1,1,NULL,15,0),(155,'ГУО «Ясли-сад №27 г.Гродно»','«Ясли-сад №27 г.Гродно»',1,1,NULL,15,0),(156,'ГУО «Дошкольный центр развития ребенка №30 г.Гродно»','«Дошкольный центр развития ребенка №30 г.Гродно»',1,1,NULL,15,0),(157,'ГУО «Ясли-сад №31 г.Гродно»','«Ясли-сад №31 г.Гродно»',1,1,NULL,15,0),(158,'ГУО «Ясли-сад №32 г.Гродно»','«Ясли-сад №32 г.Гродно»',1,1,NULL,15,0),(159,'ГУО «Ясли-сад №35 г.Гродно»','«Ясли-сад №35 г.Гродно»',1,1,NULL,15,0),(160,'ГУО «Ясли-сад №41 г.Гродно»','«Ясли-сад №41 г.Гродно»',1,1,NULL,15,0),(161,'ГУО «Ясли-сад №44 г.Гродно»','«Ясли-сад №44 г.Гродно»',1,1,NULL,15,0),(162,'ГУО «Ясли-сад №46 г.Гродно»','«Ясли-сад №46 г.Гродно»',1,1,NULL,15,0),(163,'ГУО «Ясли-сад №47 г.Гродно»','«Ясли-сад №47 г.Гродно»',1,1,NULL,15,0),(164,'ГУО «Ясли-сад №53 г.Гродно»','«Ясли-сад №53 г.Гродно»',1,1,NULL,15,0),(165,'ГУО «Ясли-сад №57 г.Гродно»','«Ясли-сад №57 г.Гродно»',1,1,NULL,15,0),(166,'ГУО «Дошкольный центр развития ребенка №58 г.Гродно»','«Дошкольный центр развития ребенка №58 г.Гродно»',1,1,NULL,15,0),(167,'ГУО «Ясли-сад №65 г.Гродно»','«Ясли-сад №65 г.Гродно»',1,1,NULL,15,0),(168,'ГУО «Ясли-сад №66 г.Гродно»','«Ясли-сад №66 г.Гродно»',1,1,NULL,15,0),(169,'ГУО «Ясли-сад №68 г.Гродно»','«Ясли-сад №68 г.Гродно»',1,1,NULL,15,0),(170,'ГУО «Ясли-сад №69 г.Гродно»','«Ясли-сад №69 г.Гродно»',1,1,NULL,15,0),(171,'ГУО «Ясли-сад №70 г.Гродно»','«Ясли-сад №70 г.Гродно»',1,1,NULL,15,0),(172,'ГУО «Ясли-сад №71 г.Гродно»','«Ясли-сад №71 г.Гродно»',1,1,NULL,15,0),(173,'ГУО «Ясли-сад №75 г.Гродно»','«Ясли-сад №75 г.Гродно»',1,1,NULL,15,0),(174,'ГУО «Ясли-сад №76 г.Гродно»','«Ясли-сад №76 г.Гродно»',1,1,NULL,15,0),(175,'ГУО «Ясли-сад №80 г.Гродно»','«Ясли-сад №80 г.Гродно»',1,1,NULL,15,0),(176,'ГУО «Ясли-сад №82 г.Гродно»','«Ясли-сад №82 г.Гродно»',1,1,NULL,15,0),(177,'ГУО «Ясли-сад №84 г.Гродно»','«Ясли-сад №84 г.Гродно»',1,1,NULL,15,0),(178,'ГУО «Ясли-сад №86 г.Гродно»','«Ясли-сад №86 г.Гродно»',1,1,NULL,15,0),(179,'ГУО «Ясли-сад №87 г.Гродно»','«Ясли-сад №87 г.Гродно»',1,1,NULL,15,0),(180,'ГУО «Ясли-сад №88 г.Гродно»','«Ясли-сад №88 г.Гродно»',1,1,NULL,15,0),(181,'ГУО «Ясли-сад №90 г.Гродно»','«Ясли-сад №90 г.Гродно»',1,1,NULL,15,0),(182,'ГУО «Ясли-сад №91 г.Гродно»','«Ясли-сад №91 г.Гродно»',1,1,NULL,15,0),(183,'ГУО «Санаторный ясли-сад №95 г.Гродно»','«Санаторный ясли-сад №95 г.Гродно»',1,1,NULL,15,0),(184,'ГУО «Дошкольный центр развития ребенка №97 г.Гродно»','«Дошкольный центр развития ребенка №97 г.Гродно»',1,1,NULL,15,0),(185,'ГУО «Дошкольный центр развития ребенка №98 г.Гродно»','«Дошкольный центр развития ребенка №98 г.Гродно»',1,1,NULL,15,0),(186,'ГУО «Ясли-сад №100 г.Гродно»','«Ясли-сад №100 г.Гродно»',1,1,NULL,15,0),(187,'ГУО «Ясли-сад №102 г.Гродно»','«Ясли-сад №102 г.Гродно»',1,1,NULL,15,0),(188,'ГУО «Ясли-сад №103 г.Гродно»','«Ясли-сад №103 г.Гродно»',1,1,NULL,15,0),(189,'ГУО «Ясли-сад №105 г.Гродно»','«Ясли-сад №105 г.Гродно»',1,1,NULL,15,0),(190,'ГУО «Начальная школа №1 г.Гродно»','«Начальная школа №1 г.Гродно»',1,1,NULL,16,0),(191,'ГУО «Базовая школа №14 г.Гродно»','«Базовая школа №14 г.Гродно»',1,1,NULL,16,0),(192,'ГУО «Гродненское областное кадетское училище»','«Гродненское областное кадетское училище»',1,1,NULL,19,0),(193,'ГУО «Вспомогательная школа №1 г.Гродно»','«Вспомогательная школа №1 г.Гродно»',1,1,NULL,19,0),(194,'ГУО «Гродненская специальная общеобразовательная школа-интернат для детей с нарушениями зрения»','«Гродненская специальная общеобразовательная школа-интернат для детей с нарушениями зрения»',1,1,NULL,19,0),(195,'ГУО «Гродненская специальная общеобразовательная школа-интернат для детей с нарушением слуха»','«Гродненская специальная общеобразовательная школа-интернат для детей с нарушением слуха»',1,1,NULL,19,0),(196,'ГУО «Центр творчества детей и молодежи «Спектр» г.Гродно»','«Центр творчества детей и молодежи «Спектр» г.Гродно»',1,1,NULL,17,0),(197,'подростковый клуб №19 «Фламинго»','подростковый клуб №19 «Фламинго»',1,1,NULL,13,0),(198,'ГУО «Лицей №1 г.Гродно»','«Лицей №1 г.Гродно»',1,1,NULL,18,0),(199,'ГУО «Гродненская городская гимназия»','«Гродненская городская гимназия»',1,1,NULL,18,0),(200,'ГУО «Гимназия №2 г.Гродно»','«Гимназия №2 г.Гродно»',1,1,NULL,18,0),(201,'ГУО «Гимназия №5 г.Гродно»','«Гимназия №5 г.Гродно»',1,1,NULL,18,0),(202,'ГУО «Гимназия №6 г.Гродно»','«Гимназия №6 г.Гродно»',1,1,NULL,18,0),(203,'ГУО «Гимназия №10 г.Гродно»','«Гимназия №10 г.Гродно»',1,1,NULL,18,0),(204,'ГУО «Средняя школа №2 г.Гродно»','«Средняя школа №2 г.Гродно»',1,1,NULL,16,0),(205,'ГУО «Средняя школа №7 г.Гродно»','«Средняя школа №7 г.Гродно»',1,1,NULL,16,0),(206,'ГУО «Средняя школа №8 г.Гродно»','«Средняя школа №8 г.Гродно»',1,1,NULL,16,0),(207,'ГУО «Средняя школа №16 г.Гродно»','«Средняя школа №16 г.Гродно»',1,1,NULL,16,0),(208,'ГУО «Средняя школа №18 г.Гродно»','«Средняя школа №18 г.Гродно»',1,1,NULL,16,0),(209,'ГУО «Средняя школа №22 г.Гродно»','«Средняя школа №22 г.Гродно»',1,1,NULL,16,0),(210,'ГУО «Средняя школа №23 г.Гродно»','«Средняя школа №23 г.Гродно»',1,1,NULL,16,0),(211,'ГУО «Средняя школа №27 г.Гродно»','«Средняя школа №27 г.Гродно»',1,1,NULL,16,0),(212,'ГУО «Средняя школа №28 г.Гродно»','«Средняя школа №28 г.Гродно»',1,1,NULL,16,0),(213,'ГУО «Средняя школа №32 г.Гродно»','«Средняя школа №32 г.Гродно»',1,1,NULL,16,0),(214,'ГУО «Средняя школа №36 г.Гродно с польским языком обучения»','«Средняя школа №36 г.Гродно с польским языком обучения»',1,1,NULL,16,0),(215,'ГУО «Ясли-сад №1 г.Гродно»','«Ясли-сад №1 г.Гродно»',1,1,NULL,15,0),(216,'ГУО «Ясли-сад №3 г.Гродно»','«Ясли-сад №3 г.Гродно»',1,1,NULL,15,0),(217,'ГУО «Специальный детский сад №7 г.Гродно»','«Специальный детский сад №7 г.Гродно»',1,1,NULL,15,0),(218,'ГУО «Ясли-сад №9 г.Гродно»','«Ясли-сад №9 г.Гродно»',1,1,NULL,15,0),(219,'ГУО «Дошкольный центр развития ребенка №11 г.Гродно»','«Дошкольный центр развития ребенка №11 г.Гродно»',1,1,NULL,13,0),(220,'ГУО «Специальный детский сад №14 г.Гродно»','«Специальный детский сад №14 г.Гродно»',1,1,NULL,15,0),(221,'ГУО «Детский сад №18 г.Гродно»','«Детский сад №18 г.Гродно»',1,1,NULL,15,0),(222,'ГУО «Специальный детский сад №21 г.Гродно для детей с тяжелыми нарушениями речи»','«Специальный детский сад №21 г.Гродно для детей с тяжелыми нарушениями речи»',1,1,NULL,15,0),(223,'ГУО «Детский сад №24 г.Гродно»','«Детский сад №24 г.Гродно»',1,1,NULL,15,0),(224,'ГУО «Ясли-сад №25 г.Гродно»','«Ясли-сад №25 г.Гродно»',1,1,NULL,15,0),(225,'ГУО «Санаторный ясли-сад №34 г.Гродно»','«Санаторный ясли-сад №34 г.Гродно»',1,1,NULL,15,0),(226,'ГУО «Ясли-сад №37 г.Гродно»','«Ясли-сад №37 г.Гродно»',1,1,NULL,15,0),(227,'ГУО «Ясли-сад №39 г.Гродно»','«Ясли-сад №39 г.Гродно»',1,1,NULL,15,0),(228,'ГУО «Ясли-сад №43 г.Гродно»','«Ясли-сад №43 г.Гродно»',1,1,NULL,15,0),(229,'ГУО «Ясли-сад №45 г.Гродно»','«Ясли-сад №45 г.Гродно»',1,1,NULL,15,0),(230,'ГУО «Ясли-сад №52 г.Гродно»','«Ясли-сад №52 г.Гродно»',1,1,NULL,15,0),(231,'ГУО «Ясли-сад №54 г.Гродно»','«Ясли-сад №54 г.Гродно»',1,1,NULL,15,0),(232,'ГУО «Ясли-сад №55 г.Гродно»','«Ясли-сад №55 г.Гродно»',1,1,NULL,15,0),(233,'ГУО «Дошкольный центр развития ребенка №60 г.Гродно»','«Дошкольный центр развития ребенка №60 г.Гродно»',1,1,NULL,15,0),(234,'ГУО «Ясли-сад №61 г.Гродно»','«Ясли-сад №61 г.Гродно»',1,1,NULL,15,0),(235,'ГУО «Ясли-сад №62 г.Гродно»','«Ясли-сад №62 г.Гродно»',1,1,NULL,15,0),(236,'ГУО «Ясли-сад №64 г.Гродно»','«Ясли-сад №64 г.Гродно»',1,1,NULL,15,0),(237,'ГУО «Ясли-сад №67 г.Гродно»','«Ясли-сад №67 г.Гродно»',1,1,NULL,15,0),(238,'ГУО «Ясли-сад №72 г.Гродно»','«Ясли-сад №72 г.Гродно»',1,1,NULL,15,0),(239,'ГУО «Ясли-сад №73 г.Гродно»','«Ясли-сад №73 г.Гродно»',1,1,NULL,15,0),(240,'ГУО «Ясли-сад №77 г.Гродно»','«Ясли-сад №77 г.Гродно»',1,1,NULL,15,0),(241,'ГУО «Ясли-сад №78 г.Гродно»','«Ясли-сад №78 г.Гродно»',1,1,NULL,15,0),(242,'ГУО «Ясли-сад №79 г.Гродно»','«Ясли-сад №79 г.Гродно»',1,1,NULL,15,0),(243,'ГУО «Специальный ясли-сад №81 г.Гродно с детей с нарушениями зрения»','«Специальный ясли-сад №81 г.Гродно с детей с нарушениями зрения»',1,1,NULL,15,0),(244,'ГУО «Ясли-сад №83 г.Гродно»','«Ясли-сад №83 г.Гродно»',1,1,NULL,15,0),(245,'ГУО «Ясли-сад №85 г.Гродно»','«Ясли-сад №85 г.Гродно»',1,1,NULL,15,0),(246,'ГУО «Дошкольный центр развития ребенка №89 г.Гродно»','«Дошкольный центр развития ребенка №89 г.Гродно»',1,1,NULL,13,0),(247,'ГУО «Ясли-сад №93 г.Гродно»','«Ясли-сад №93 г.Гродно»',1,1,NULL,15,0),(248,'ГУО «Санаторный ясли-сад №94 г.Гродно»','«Санаторный ясли-сад №94 г.Гродно»',1,1,NULL,15,0),(249,'ГУО «Ясли-сад №96 г.Гродно»','«Ясли-сад №96 г.Гродно»',1,1,NULL,15,0),(250,'ГУО «Ясли-сад №101 г.Гродно»','«Ясли-сад №101 г.Гродно»',1,1,NULL,15,0),(251,'ГУО «Ясли-сад №104 г.Гродно»','«Ясли-сад №104 г.Гродно»',1,1,NULL,15,0),(252,'ГУ  «Центральный спортивный комплекс «Неман»','«Центральный спортивный комплекс «Неман»',1,1,NULL,21,0),(253,'ГУ «Гродненский центр олимпийского резерва по хоккею с шайбой»','«Гродненский центр олимпийского резерва по хоккею с шайбой»',1,1,NULL,21,0),(254,'ГУ «Спортивный комплекс управления физической культуры спорта  и туризма Гродненского облисполкома»','«Спортивный комплекс управления физической культуры спорта  и туризма Гродненского облисполкома»',1,1,NULL,21,0),(255,'Коммунальное унитарное предприятие «Аквацентр»','\"Коммунальное унитарное предприятие \"\"Аквацентр\"\"\"',1,1,NULL,21,0),(256,'Бассейн ОАО «ГродноАзот» Производственно-технологический комплекс «Химволокно»','Бассейн ОАО «ГродноАзот» Производственно-технологический комплекс «Химволокно»',1,1,NULL,21,0),(257,'Гродненское государственное училище олимпийского резерва','Гродненское государственное училище олимпийского резерва',1,1,NULL,22,0),(258,'Физкультурно-оздоровительный комплекс ОАО «Белкард»','Физкультурно-оздоровительный комплекс ОАО «Белкард»',1,1,NULL,21,0),(259,'Школа высшего спортивного мастерства управления физической культуры спорта и туризма Гродненского облисполкома','Школа высшего спортивного мастерства управления физической культуры спорта и туризма Гродненского облисполкома',1,1,NULL,22,0),(260,'Белорусское физкультурно-спортивное общество «Динамо»','Белорусское физкультурно-спортивное общество «Динамо»',1,1,NULL,21,0),(261,'Учебно-спортивное учреждение «Гродненская СДЮШОР №1»','“Гродненская СДЮШОР №1”',1,1,NULL,22,0),(262,'Учебно-спортивное учреждение «Гродненская СДЮШОР №1»','“Гродненская СДЮШОР №1”',1,1,NULL,22,0),(263,'Учебно-спортивное учреждение «Гродненская СДЮШОР № 3»','«Гродненская СДЮШОР № 3»',1,1,NULL,22,0),(264,'Учебно-спортивное учреждение «Гродненская СДЮШОР №5»','«Гродненская СДЮШОР №5»',1,1,NULL,22,0),(265,'Учебно-спортивное учреждение «Гродненская СДЮШОР по теннису»','«Гродненская СДЮШОР по теннису»',1,1,NULL,22,0),(266,'Кинотеатр «Космос»','Кинотеатр «Космос»',1,1,NULL,25,0),(267,'Кинотеатр «Красная звезда»','Кинотеатр «Красная звезда»',1,1,NULL,25,0),(268,'Кинотеатр «Октябрь»','Кинотеатр «Октябрь»',1,1,NULL,25,0),(269,'АЗС № 36 ИООО «Газпромнефть-Белнефтепродукт»','АЗС № 36 ИООО «Газпромнефть-Белнефтепродукт»',1,1,NULL,26,0),(270,'АЗС № 41 ИООО «Газпромнефть-Белнефтепродукт»','АЗС № 41 ИООО «Газпромнефть-Белнефтепродукт»',1,1,NULL,26,0),(271,'МАЗС № 46 ИООО «Лукойл Белоруссия»','МАЗС № 46 ИООО «Лукойл Белоруссия»',1,1,NULL,26,0),(272,'МАЗС № 49 ИООО «Лукойл Белоруссия»','МАЗС № 49 ИООО «Лукойл Белоруссия»',1,1,NULL,26,0),(273,'МАЗС № 51 ИООО «Лукойл Белоруссия»','МАЗС № 51 ИООО «Лукойл Белоруссия»',1,1,NULL,26,0),(274,'МАЗС № 52 ИООО «Лукойл Белоруссия»','МАЗС № 52 ИООО «Лукойл Белоруссия»',1,1,NULL,26,0),(275,'МАЗС № 53 ИООО «Лукойл Белоруссия»','МАЗС № 53 ИООО «Лукойл Белоруссия»',1,1,NULL,26,0),(276,'МАЗС № 55 ИООО «Лукойл Белоруссия»','МАЗС № 55 ИООО «Лукойл Белоруссия»',1,1,NULL,26,0),(277,'АЗС №44 РУП «Белоруснефть-Гроднооблнефтепродукт»','АЗС №44 РУП «Белоруснефть-Гроднооблнефтепродукт»',1,1,NULL,26,0),(278,'АЗС №50 РУП «Белоруснефть-Гроднооблнефтепродукт»','АЗС №50 РУП «Белоруснефть-Гроднооблнефтепродукт»',1,1,NULL,26,0),(279,'АЗС № 73 РУП «Белоруснефть-Гроднооблнефтепродукт»','АЗС № 73 РУП «Белоруснефть-Гроднооблнефтепродукт»',1,1,NULL,26,0),(280,'АЗС № 71 РУП «Белоруснефть-Гроднооблнефтепродукт»','АЗС № 71 РУП «Белоруснефть-Гроднооблнефтепродукт»',1,1,NULL,26,0),(281,'АЗС № 68 РУП «Белоруснефть-Гроднооблнефтепродукт»','АЗС № 68 РУП «Белоруснефть-Гроднооблнефтепродукт»',1,1,NULL,26,0),(282,'АЗС № 1 РУП «Белоруснефть-Гроднооблнефтепродукт»','АЗС № 1 РУП «Белоруснефть-Гроднооблнефтепродукт»',1,1,NULL,26,0),(283,'АЗС № 21 РУП «Белоруснефть-Гроднооблнефтепродукт»','АЗС № 21 РУП «Белоруснефть-Гроднооблнефтепродукт»',1,1,NULL,26,0),(284,'АЗС № 3 РУП «Белоруснефть-Гроднооблнефтепродукт»','АЗС № 3 РУП «Белоруснефть-Гроднооблнефтепродукт»',1,1,NULL,26,0),(285,'АЗС № 4 РУП «Белоруснефть-Гроднооблнефтепродукт»','АЗС № 4 РУП «Белоруснефть-Гроднооблнефтепродукт»',1,1,NULL,26,0),(286,'АЗС № 5 РУП «Белоруснефть-Гроднооблнефтепродукт»','АЗС № 5 РУП «Белоруснефть-Гроднооблнефтепродукт»',1,1,NULL,26,0),(287,'АЗС № 6 РУП «Белоруснефть-Гроднооблнефтепродукт»','АЗС № 6 РУП «Белоруснефть-Гроднооблнефтепродукт»',1,1,NULL,26,0),(288,'АЗС № 8 РУП «Белоруснефть-Гроднооблнефтепродукт»','АЗС № 8 РУП «Белоруснефть-Гроднооблнефтепродукт»',1,1,NULL,26,0),(289,'АЗС № 12 РУП «Белоруснефть-Гроднооблнефтепродукт»','АЗС № 12 РУП «Белоруснефть-Гроднооблнефтепродукт»',1,1,NULL,26,0),(290,'АЗС № 17 РУП «Белоруснефть-Гроднооблнефтепродукт»','АЗС № 17 РУП «Белоруснефть-Гроднооблнефтепродукт»',1,1,NULL,26,0),(291,'АЗС № 82 РУП «Белоруснефть-Гроднооблнефтепродукт»','АЗС № 82 РУП «Белоруснефть-Гроднооблнефтепродукт»',1,1,NULL,26,0),(292,'АЗС № 46 РУП «Белоруснефть-Гроднооблнефтепродукт»','АЗС № 46 РУП «Белоруснефть-Гроднооблнефтепродукт»',1,1,NULL,26,0),(293,'АЗС № 54 РУП «Белоруснефть-Гроднооблнефтепродукт»','АЗС № 54 РУП «Белоруснефть-Гроднооблнефтепродукт»',1,1,NULL,26,0),(294,'АЗС № 55 РУП «Белоруснефть-Гроднооблнефтепродукт»','АЗС № 55 РУП «Белоруснефть-Гроднооблнефтепродукт»',1,1,NULL,26,0),(295,'АЗС № 56 РУП «Белоруснефть-Гроднооблнефтепродукт»','АЗС № 56 РУП «Белоруснефть-Гроднооблнефтепродукт»',1,1,NULL,26,0),(296,'АЗС № 59 РУП «Белоруснефть-Гроднооблнефтепродукт»','АЗС № 59 РУП «Белоруснефть-Гроднооблнефтепродукт»',1,1,NULL,26,0),(297,'АЗС № 62 РУП «Белоруснефть-Гроднооблнефтепродукт»','АЗС № 62 РУП «Белоруснефть-Гроднооблнефтепродукт»',1,1,NULL,26,0),(298,'АЗС № 63 РУП «Белоруснефть-Гроднооблнефтепродукт»','АЗС № 63 РУП «Белоруснефть-Гроднооблнефтепродукт»',1,1,NULL,26,0),(299,'АЗС № 65 РУП «Белоруснефть-Гроднооблнефтепродукт»','АЗС № 65 РУП «Белоруснефть-Гроднооблнефтепродукт»',1,1,NULL,26,0),(300,'АЗС № 66 РУП «Белоруснефть-Гроднооблнефтепродукт»','АЗС № 66 РУП «Белоруснефть-Гроднооблнефтепродукт»',1,1,NULL,26,0),(301,'АЗС № 77 РУП «Белоруснефть-Гроднооблнефтепродукт»','АЗС № 77 РУП «Белоруснефть-Гроднооблнефтепродукт»',1,1,NULL,26,0),(302,'АЗС № 78 РУП «Белоруснефть-Гроднооблнефтепродукт»','АЗС № 78 РУП «Белоруснефть-Гроднооблнефтепродукт»',1,1,NULL,26,0),(303,'Автостоянка возле «Универсам «Рублевские сети» ООО «ТД Немига-Фаворит»','Автостоянка возле «Универсам «Рублевские сети»',1,1,NULL,28,0),(304,'Автостоянка возле магазина №1','Автостоянка возле магазина №1',1,1,NULL,28,0),(305,'Автостоянка возле банка','Автостоянка возле банка',1,1,NULL,28,0),(306,'Автостоянка возле железнодорожного вокзала','Автостоянка возле железнодорожного вокзала',1,1,NULL,28,0),(307,'Автостоянка возле Гродненского райисполкома','Автостоянка возле Гродненского райисполкома',1,1,NULL,28,0),(308,'Автостоянка возле магазина «Мока»','Автостоянка возле магазина «Мока»',1,1,NULL,28,0),(309,'Автостоянка возле магазина «Обувь для всех»','Автостоянка возле магазина «Обувь для всех»',1,1,NULL,28,0),(310,'Автостоянка возле «Дом техника»','Автостоянка возле «Дом техника»',1,1,NULL,28,0),(311,'Автостоянка возле здания стоматологии','Автостоянка возле здания стоматологии',1,1,NULL,28,0),(312,'Автостоянка возле Покровского собора','Автостоянка возле Покровского собора',1,1,NULL,28,0),(313,'Автостоянка возле рынка «Корона»','Автостоянка возле рынка «Корона»',1,1,NULL,28,0),(314,'Автостоянка возле рынка «Южный','Автостоянка возле рынка «Южный',1,1,NULL,28,0),(315,'Автостоянка возле универсама «Брест»','Автостоянка возле универсама «Брест»',1,1,NULL,28,0),(316,'Автостоянка возле Фарного костела','Автостоянка возле Фарного костела',1,1,NULL,28,0),(317,'Автостоянка возле центрального рынка','Автостоянка возле центрального рынка',1,1,NULL,28,0),(318,'Автостоянка возле мини-рынка','Автостоянка возле мини-рынка',1,1,NULL,28,0),(319,'Автостоянка возле магазина «Каскад»','Автостоянка возле магазина «Каскад»',1,1,NULL,28,0),(320,'Автостоянка возле мини-рынка «Девятовка»','Автостоянка возле мини-рынка «Девятовка»',1,1,NULL,28,0),(321,'Автостоянка  возле магазина «Ника»','Автостоянка  возле магазина «Ника»',1,1,NULL,28,0),(322,'Автостоянка возле магазина «Вишневец»','Автостоянка возле магазина «Вишневец»',1,1,NULL,28,0),(323,'Автостоянка возле супермаркета «Алми»','Автостоянка возле супермаркета «Алми»',1,1,NULL,28,0),(325,'Автостоянка возле гипермаркета «Алми»','Автостоянка возле гипермаркета «Алми»',1,1,NULL,28,0),(326,'Автостоянка возле магазина «Евроопт»','Автостоянка возле магазина «Евроопт»',1,1,NULL,28,0),(327,'Автостоянка возле супермаркета «Евроопт»','Автостоянка возле супермаркета «Евроопт»',1,1,NULL,28,0),(328,'Автостоянка возле здания РУП «Гродненское агентство, государственной регистрации и земельному кадастру» (БТИ)','',1,1,NULL,28,0),(329,'Автостоянка возле здания горисполкома','Автостоянка возле здания горисполкома',1,1,NULL,28,0),(330,'Автостоянкавозле УЗ «Гродненская областная клиническая больница»','Автостоянка возле УЗ «Гродненская областная клиническая больница»',1,1,NULL,28,0),(331,'Автостоянка возле амбулатории ГУЗ «Городская поликлиника №4 г.Гродно»','Автостоянка возле амбулатории ГУЗ «Городская поликлиника №4 г.Гродно»',1,1,NULL,28,0),(332,'Автостоянка возле ГУЗ «Гродненская центральная городская поликлиника»','Автостоянка возле ГУЗ «Гродненская центральная городская поликлиника»',1,1,NULL,28,0),(333,'Автостоянка возле ГУЗ «Городская поликлиника № 3 г.Гродно»','Автостоянка возле ГУЗ «Городская поликлиника № 3 г.Гродно»',1,1,NULL,28,0),(334,'Автостоянка возле ГУЗ «Городская поликлиника №4 г.Гродно»','Автостоянка возле ГУЗ «Городская поликлиника №4 г.Гродно»',1,1,NULL,28,0),(335,'Автостоянка возле ГУЗ «Детская поликлиника №2»','Автостоянка возле ГУЗ «Детская поликлиника №2»',1,1,NULL,28,0),(336,'Автостоянка возле ГУЗ «Городская поликлиника №6 г.Гродно»','Автостоянка возле ГУЗ «Городская поликлиника №6 г.Гродно»',1,1,NULL,28,0),(337,'Автостоянка возле УЗ «Гродненский областной клинический перинатальный центр»','Автостоянка возле УЗ «Гродненский областной клинический перинатальный центр»',1,1,NULL,28,0),(338,'Автостоянка возле ГУЗ «Городская поликлиника №1 г.Гродно»','Автостоянка возле ГУЗ «Городская поликлиника №1 г.Гродно»',1,1,NULL,28,0),(339,'Автостоянка возле ГУЗ «Детская поликлиника №1 г.Гродно»','Автостоянка возле ГУЗ «Детская поликлиника №1 г.Гродно»',1,1,NULL,28,0),(340,'Автостоянка возле ГУЗ «Городская поликлиника №5 г.Гродно»','Автостоянка возле ГУЗ «Городская поликлиника №5 г.Гродно»',1,1,NULL,28,0),(341,'Автостоянка возле центрального рынка','Автостоянка возле центрального рынка',1,1,NULL,28,0),(342,'Автостоянка возле жилого дома № 42','Автостоянка возле жилого дома № 42',1,1,NULL,28,0),(343,'Автостоянка возле жилого дома № 143','Автостоянка возле жилого дома № 143',1,1,NULL,28,0),(344,'Автостоянка возле жилого дома № 49','Автостоянка возле жилого дома № 49',1,1,NULL,28,0),(346,'Автостоянка возле жилого дома №7','Автостоянка возле жилого дома №7',1,1,NULL,28,0),(347,'Автостоянка возле жилого дома № 50а','Автостоянка возле жилого дома № 50а',1,1,NULL,28,0),(348,'Автостоянка возле Гродненского филиала РУП «Белорусский протезно-ортопедический восстановительный центр»','Автостоянка возле Гродненского филиала РУП «Белорусский протезно-ортопедический восстановительный центр»',1,1,NULL,28,0),(349,'Автостоянка возле жилого дома № 26','Автостоянка возле жилого дома № 26',1,1,NULL,28,0),(350,'Автостоянка возле жилого дома № 15','Автостоянка возле жилого дома № 15',1,1,NULL,28,0),(351,'Автостоянка возле жилого дома № 19','Автостоянка возле жилого дома № 19',1,1,NULL,28,0),(352,'ООО «Сырьевые ресурсы-Бел» «Ресторанно -гостиничный комплекс  «Неман»','«Ресторанно -гостиничный комплекс  «Неман»',1,1,NULL,27,0),(353,'Гостиничный комплекс «Славия»','Гостиничный комплекс «Славия»',1,1,NULL,27,0),(354,'Гостиница «Беларусь»','Гостиница «Беларусь»',1,1,NULL,27,0),(355,'Гостиница «Гродно»','Гостиница «Гродно»',1,1,NULL,27,0),(356,'ГУРСП «Гроднозеленстрой»','ГУРСП «Гроднозеленстрой»',1,1,NULL,32,0),(357,'КУП «Ремстройавтодор»','КУП «Ремстройавтодор»',1,1,NULL,32,0),(358,'ГУКПП «Гродноводоканал»','ГУКПП «Гродноводоканал»',1,1,NULL,32,0),(359,'ГГУП «Гост. хозяйство»','ГГУП «Гост. хозяйство»',1,1,NULL,32,0),(360,'ГГКПП «Спецавтохозяйство»','ГГКПП «Спецавтохозяйство»',1,1,NULL,32,0),(361,'ГУКПП «Горсвет»','ГУКПП «Горсвет»',1,1,NULL,32,0),(362,'РСЦ-1 УЖРЭП Окт. р-на','РСЦ-1 УЖРЭП Окт. р-на',1,1,NULL,32,0),(363,'РСЦ-2 УЖРЭП Окт. р-на','РСЦ-2 УЖРЭП Окт. р-на',1,1,NULL,32,0),(364,'РСЦ-3 УЖРЭП Окт. р-на','РСЦ-3 УЖРЭП Окт. р-на',1,1,NULL,32,0),(365,'ЖЭС-4 УЖРЭП Окт. р-на','ЖЭС-4 УЖРЭП Окт. р-на',1,1,NULL,32,0),(366,'ЖЭС-6 УЖРЭП Окт. р-на','ЖЭС-6 УЖРЭП Окт. р-на',1,1,NULL,32,0),(367,'ЖЭС-7 УЖРЭП Окт. р-на','ЖЭС-7 УЖРЭП Окт. р-на',1,1,NULL,32,0),(368,'ЖЭС-12 УЖРЭП Окт. р-на','ЖЭС-12 УЖРЭП Окт. р-на',1,1,NULL,32,0),(369,'Сантехнический участок','Сантехнический участок',1,1,NULL,32,0),(370,'ЖЭС-14 УЖРЭП Окт. р-на','ЖЭС-14 УЖРЭП Окт. р-на',1,1,NULL,32,0),(371,'ЖЭС-15 УЖРЭП Окт. р-на','ЖЭС-15 УЖРЭП Окт. р-на',1,1,NULL,32,0),(372,'ЖЭС-17 УЖРЭП Окт. р-на','ЖЭС-17 УЖРЭП Окт. р-на',1,1,NULL,32,0),(373,'ЖЭС-20 УЖРЭП Окт. р-на','ЖЭС-20 УЖРЭП Окт. р-на',1,1,NULL,32,0),(374,'ЖЭС-21 УЖРЭП Окт. р-на','ЖЭС-21 УЖРЭП Окт. р-на',1,1,NULL,32,0),(375,'ЖЭС-22 УЖРЭП Окт. р-на','ЖЭС-22 УЖРЭП Окт. р-на',1,1,NULL,32,0),(376,'ЖЭС-23 УЖРЭП Окт. р-на','ЖЭС-23 УЖРЭП Окт. р-на',1,1,NULL,32,0),(377,'1.УЖРЭП Окт. р-на','1.УЖРЭП Окт. р-на',1,1,NULL,32,0),(378,'2.УЖРЭП Окт. р-на','2.УЖРЭП Окт. р-на',1,1,NULL,32,0),(379,'УЖРЭП Лен. р-на','УЖРЭП Лен. р-на',1,1,NULL,32,0),(380,'РСЦ-1 УЖРЭП Лен. р-на','РСЦ-1 УЖРЭП Лен. р-на',1,1,NULL,32,0),(381,'РСЦ-2 УЖРЭП Лен. р-на','РСЦ-2 УЖРЭП Лен. р-на',1,1,NULL,32,0),(382,'ЖЭС-1 УЖРЭП Лен. р-на','ЖЭС-1 УЖРЭП Лен. р-на',1,1,NULL,32,0),(383,'ЖЭС-2 УЖРЭП Лен. р-на','ЖЭС-2 УЖРЭП Лен. р-на',1,1,NULL,32,0),(384,'ЖЭС-5 УЖРЭП Лен. р-на','ЖЭС-5 УЖРЭП Лен. р-на',1,1,NULL,32,0),(385,'ЖЭС-8 УЖРЭП Лен. р-на','ЖЭС-8 УЖРЭП Лен. р-на',1,1,NULL,32,0),(386,'ЖЭС-9 УЖРЭП Лен. р-на','ЖЭС-9 УЖРЭП Лен. р-на',1,1,NULL,32,0),(387,'ЖЭС-11 УЖРЭП Лен. р-на','ЖЭС-11 УЖРЭП Лен. р-на',1,1,NULL,32,0),(388,'ЖЭС-13 УЖРЭП Лен. р-на','ЖЭС-13 УЖРЭП Лен. р-на',1,1,NULL,32,0),(389,'ЖЭС-19 УЖРЭП Лен. р-на','ЖЭС-19 УЖРЭП Лен. р-на',1,1,NULL,32,0),(390,'ОДО «Девятовка4»','ОДО «Девятовка4',1,1,NULL,32,0),(391,'ОУПП «Гродненское городское жилищно-коммунальное хозяйство»','\"ОУПП \"\"Гродненское городское жилищно-коммунальное хозяйство»\"',1,1,NULL,32,0),(392,'ПУ «Гродномежрайгаз»','ПУ «Гродномежрайгаз»',1,1,NULL,7,0),(393,'РУП «Гродноэнерго»','РУП «Гродноэнерго»',1,1,NULL,7,0),(394,'Филиал РУП «Гродноэнерго» Гродненские тепловые сети','Филиал РУП «Гродноэнерго» Гродненские тепловые сети',1,1,NULL,7,0),(395,'Административно управленческий аппарат Гродненских электрических сетей','Административно управленческий аппарат Гродненских электрических сетей',1,1,NULL,7,0),(396,'Гродненский городской район  электрических сетей','Гродненский городской район  электрических сетей',1,1,NULL,7,0),(397,'Ремонтно-строительный цех Гродненских электрических сетей','Ремонтно-строительный цех Гродненских электрических сетей',1,1,NULL,7,0),(398,'Высоковольтный район электрических сетей','Высоковольтный район электрических сетей',1,1,NULL,7,0),(399,'Цех по ремонту оборудования Гродненских электрических сетей','Цех по ремонту оборудования Гродненских электрических сетей',1,1,NULL,7,0),(400,'Служба механизации и автомобильного транспорта Гродненских электрических сетей','Служба механизации и автомобильного транспорта Гродненских электрических сетей',1,1,NULL,7,0),(401,'Приорбанк ЦБУ 601','Приорбанк ЦБУ 601',1,1,NULL,30,0),(402,'Белагропромбанк филиал Гродненское областное управление РКЦ №8','Белагропромбанк филиал Гродненское областное управление РКЦ №8',1,1,NULL,30,0),(403,'АСБ Беларусбанк отделение №400/142','АСБ Беларусбанк отделение №400/142',1,1,NULL,30,0),(404,'Белинвестбанк центр комплексного обслуживания','Белинвестбанк центр комплексного обслуживания',1,1,NULL,30,0),(405,'филиал Гродненского областного управления Белагропромбанк','филиал Гродненского областного управления Белагропромбанк',1,1,NULL,30,0),(406,'Абсолютбанк центр Бансковских Услу','Абсолютбанк центр Бансковских Услу',1,1,NULL,30,0),(407,'АСБ Беларусбанк, отделение №400/70','расположен на 2 этаже',1,1,NULL,30,0),(408,'АСБ Беларусбанк, отделение №400/92','',1,1,NULL,30,0),(409,'АСБ Беларусбанк, отделение 400/153','',1,1,NULL,30,0),(410,'Приорбанк ЦБУ 600','Приорбанк ЦБУ 600',1,1,NULL,30,0),(411,'Банк Развития Республики беларусь филиал г.Гродно (расположен на 2 ом этаже)','Банк Развития Республики беларусь филиал г.Гродно',1,1,NULL,30,0),(412,'АСБ Беларусбанк отделение №400/172','АСБ Беларусбанк отделение №400/172',1,1,NULL,30,0),(413,'АСБ Беларусбанк, отделение №400/176','',1,1,NULL,30,0),(414,'АСБ Беларусбанк, отделение № 400/163','',1,1,NULL,30,0),(415,'АСБ Беларусбанк, отделение № 400/156','',1,1,NULL,30,0),(416,'МТбанк РКЦ №32','МТбанк РКЦ №32',1,1,NULL,30,0),(417,'Паритетбанк Центр банковских услуг №6','Паритетбанк Центр банковских услуг №6',1,1,NULL,30,0),(418,'Франсабанк управление по Гродненской области','Франсабанк управление по Гродненской области',1,1,NULL,30,0),(419,'Белгазпромбанк ЦБУ № 406','Белгазпромбанк ЦБУ № 406',1,1,NULL,30,0),(420,'АСБ Беларусбанк отделение 400/145','АСБ Беларусбанк отделение 400/145',1,1,NULL,30,0),(421,'АСБ Беларусбанк отделение №400/155','АСБ Беларусбанк отделение №400/155',1,1,NULL,30,0),(422,'Белгазпромбанк Гродненская областная дирекция','Белгазпромбанк Гродненская областная дирекция',1,1,NULL,30,0),(423,'АСБ Беларусбанк отделение № 400/57','АСБ Беларусбанк отделение № 400/57',1,1,NULL,30,0),(424,'АСБ Беларусбанк','отделение № 400/63',1,1,NULL,30,0),(425,'АСБ Беларусбанк','АСБ Беларусбанк',1,1,NULL,30,0),(426,'АСБ Беларусбанк','отделение № 400/175 (расположен на 2 этаже)',1,1,NULL,30,0),(427,'Белинвестбанк','Белинвестбанк',1,1,NULL,30,0),(428,'АСБ Беларусбанк','отделение № 400/174',1,1,NULL,30,0),(429,'Белинвестбанк Дирекция по Гродненской области','Белинвестбанк Дирекция по Гродненской области',1,1,NULL,30,0),(430,'АСБ Беларусбанк','отделение № 400/115',1,1,NULL,30,0),(431,'Белгазпромбанк ЦБУ № 405','Белгазпромбанк ЦБУ № 405',1,1,NULL,30,0),(432,'АСБ Беларусбанк','отделение № 400/161',1,1,NULL,30,0),(433,'Белагропромбанк филиал Гродненское областное управление РКЦ №9','Белагропромбанк филиал Гродненское областное управление РКЦ №9',1,1,NULL,30,0),(434,'АСБ Беларусбанк','отделение № 400/160(расположен на 2 этаже)',1,1,NULL,30,0),(435,'Национальный банк Республики Беларусь Главное управление по Гродненской области','Национальный банк Республики Беларусь Главное управление по Гродненской области',1,1,NULL,30,0),(436,'Хоум Кредит банк  ЦБУ №404','Хоум Кредит банк  ЦБУ №404',1,1,NULL,30,0),(437,'Хоум Кредит банк  ЦБУ №401','Хоум Кредит банк  ЦБУ №401',1,1,NULL,30,0),(438,'Банкт ВТБ (Беларусь)','Региональная',1,1,NULL,30,0),(439,'Банк, Москва-Минск','',1,1,NULL,30,0),(440,'Дельта банк ЦБУ № 0407','Дельта банк ЦБУ № 0407',1,1,NULL,30,0),(441,'Идея банк центр банковских услуг № 35','Идея банк центр банковских услуг № 35',1,1,NULL,30,0),(442,'Идея банк центр банковских услуг № 15','Идея банк центр банковских услуг № 15',1,1,NULL,30,0),(443,'Белорусский банк малого бизнеса ЦБУ №2','Белорусский банк малого бизнеса ЦБУ №2',1,1,NULL,30,0),(444,'Банк «Белвэб» Гродненское региональное отделение','Банк «Белвэб» Гродненское региональное отделение',1,1,NULL,30,0),(445,'Альфа-банк отделение в г.Гродно','Альфа-банк отделение в г.Гродно',1,1,NULL,30,0),(446,'Банк Москва-Минск ЦБУ №302','Банк Москва-Минск ЦБУ №302',1,1,NULL,30,0),(447,'БПС-Сбербанк Региональная Дирекция № 400','БПС-Сбербанк Региональная Дирекция № 400',1,1,NULL,30,0),(448,'АСБ, Беларусбанк отделение №400/65','',1,1,NULL,30,0),(449,'АСБ Беларусбанк отделение №400/88','АСБ Беларусбанк отделение №400/88',1,1,NULL,30,0),(450,'Белинвест- банкт УРМ','Белинвест- банкт УРМ',1,1,NULL,30,0),(451,'АСБ Беларусбанк.','АСБ Беларусбанк',1,1,NULL,30,0),(452,'БПС- сбербанк региональная дирекция №400/3 (расположен  на 2 этаже)','БПС- сбербанк региональная дирекция №400/3',1,1,NULL,30,0),(453,'АСБ Беларусбанк отделение №400/141','АСБ Беларусбанк отделение №400/141',1,1,NULL,30,0),(454,'АСБ Беларусбанк отделение №400/150','АСБ Беларусбанк отделение №400/150',1,1,NULL,30,0),(455,'АСБ Беларусбанк отделение №400','АСБ Беларусбанк отделение №400',1,1,NULL,30,0),(456,'Интерпэйбанк УРМ №3','Интерпэйбанк УРМ №3',1,1,NULL,30,0),(457,'Приорбанк ЦБУ 600/1','Приорбанк ЦБУ 600/1',1,1,NULL,30,0),(458,'АСБ Беларусбанк отделение №400/146 (расположен  на 2 этаже)','АСБ Беларусбанк отделение №400/146',1,1,NULL,30,0),(459,'Белагропро-мбанк Гродненское областное управление РКЦ №5','г.Гродно (расположен на 2 этаже)',1,1,NULL,30,0),(460,'АСБ Беларусбанк отделение №400/143','АСБ Беларусбанк отделение №400/143',1,1,NULL,30,0),(461,'Изи кредит филиал №1 (расположен на 2 этаже)','Изи кредит филиал №1',1,1,NULL,30,0),(462,'АСБ Беларусбанк отделение №400/157','АСБ Беларусбанк отделение №400/157',1,1,NULL,30,0),(463,'Белагропром-банк филиал Гродненское областное управление РКЦ №7','Белагропром-банк филиал Гродненское областное управление РКЦ №7',1,1,NULL,30,0),(464,'Приорбанк ЦБУ № 600/2 (гипермаркет «Алми»)','Приорбанк ЦБУ № 600/2',1,1,NULL,30,0),(465,'РРБ_банк ЦБУ №5 пункт банковских услуг №1','РРБ_банк ЦБУ №5 пункт банковских услуг №1',1,1,NULL,30,0),(466,'Белгазпром-банк ЦБУ №404','Белгазпром-банк ЦБУ №404',1,1,NULL,30,0),(467,'Белагропром-банк филиал Гродненское областное управление РКЦ №6','Белагропром-банк филиал Гродненское областное управление РКЦ №6',1,1,NULL,30,0),(468,'БПС- сбербанк региональная дирекция №400/2','БПС- сбербанк региональная дирекция №400/2',1,1,NULL,30,0),(469,'Белагропром-банк филиал Гродненское областное управление РКЦ №4','Белагропром-банк филиал Гродненское областное управление РКЦ №4',1,1,NULL,30,0),(470,'Трастбанк ЦБУ № 04/03','Трастбанк ЦБУ № 04/03',1,1,NULL,30,0),(471,'БПС-Сбербанк, региональная дирекция №400/1','',1,1,NULL,30,0),(472,'Отделение связи №1 Гродненского филиала РУП «Белпочта»','Отделение связи №1 Гродненского филиала РУП «Белпочта»',1,1,NULL,31,0),(473,'Отделение связи №2 Гродненского филиала РУП «Белпочта»','Отделение связи №2 Гродненского филиала РУП «Белпочта»',1,1,NULL,31,0),(474,'Отделение связи № 3 Гродненского филиала РУП «Белпочта»','Отделение связи № 3 Гродненского филиала РУП «Белпочта»',1,1,NULL,31,0),(475,'Отделение связи № 4 Гродненского филиала РУП «Белпочта»','Отделение связи № 4 Гродненского филиала РУП «Белпочта»',1,1,NULL,31,0),(476,'Отделение связи № 5 Гродненского филиала РУП «Белпочта»','Отделение связи № 5 Гродненского филиала РУП «Белпочта»',1,1,NULL,31,0),(477,'Отделение связи № 6 Гродненского филиала РУП «Белпочта»','Отделение связи № 6 Гродненского филиала РУП «Белпочта»',1,1,NULL,31,0),(478,'Отделение связи № 8 Гродненского филиала РУП «Белпочта»','Отделение связи № 8 Гродненского филиала РУП «Белпочта»',1,1,NULL,31,0),(479,'Отделение связи № 9 Гродненского филиала РУП «Белпочта»','Отделение связи № 9 Гродненского филиала РУП «Белпочта»',1,1,NULL,31,0),(480,'Отделение связи № 10 Гродненского филиала РУП «Белпочта»','Отделение связи № 10 Гродненского филиала РУП «Белпочта»',1,1,NULL,31,0),(481,'Отделение связи № 11 Гродненского филиала РУП «Белпочта»','Отделение связи № 11 Гродненского филиала РУП «Белпочта»',1,1,NULL,31,0),(482,'Отделение связи № 12 Гродненского филиала РУП «Белпочта»','Отделение связи № 12 Гродненского филиала РУП «Белпочта»',1,1,NULL,31,0),(483,'Отделение связи № 13 Гродненского филиала РУП «Белпочта»','Отделение связи № 13 Гродненского филиала РУП «Белпочта»',1,1,NULL,31,0),(484,'Отделение связи № 14 Гродненского филиала РУП «Белпочта»','Отделение связи № 14 Гродненского филиала РУП «Белпочта»',1,1,NULL,31,0),(485,'Отделение связи № 15 Гродненского филиала РУП «Белпочта»','Отделение связи № 15 Гродненского филиала РУП «Белпочта»',1,1,NULL,31,0),(486,'Отделение связи № 16 Гродненского филиала РУП «Белпочта»','Отделение связи № 16 Гродненского филиала РУП «Белпочта»',1,1,NULL,31,0),(487,'Отделение связи № 18 Гродненского филиала РУП «Белпочта»','Отделение связи № 18 Гродненского филиала РУП «Белпочта»',1,1,NULL,31,0),(488,'Отделение связи № 20 Гродненского филиала РУП «Белпочта»','Отделение связи № 20 Гродненского филиала РУП «Белпочта»',1,1,NULL,31,0),(489,'Отделение связи № 21 Гродненского филиала РУП «Белпочта»','Отделение связи № 21 Гродненского филиала РУП «Белпочта»',1,1,NULL,31,0),(490,'Отделение связи № 23 Гродненского филиала РУП «Белпочта»','Отделение связи № 23 Гродненского филиала РУП «Белпочта»',1,1,NULL,31,0),(491,'Отделение связи № 24 Гродненского филиала РУП «Белпочта»','Отделение связи № 24 Гродненского филиала РУП «Белпочта»',1,1,NULL,31,0),(492,'Отделение связи № 25 Гродненского филиала РУП «Белпочта»','Отделение связи № 25 Гродненского филиала РУП «Белпочта»',1,1,NULL,31,0),(493,'Отделение связи № 26 Гродненского филиала РУП «Белпочта»','Отделение связи № 26 Гродненского филиала РУП «Белпочта»',1,1,NULL,31,0),(494,'Отделение связи № 27 Гродненского филиала РУП «Белпочта»','Отделение связи № 27 Гродненского филиала РУП «Белпочта»',1,1,NULL,31,0),(495,'Отделение связи № 28 Гродненского филиала РУП «Белпочта»','Отделение связи № 28 Гродненского филиала РУП «Белпочта»',1,1,NULL,31,0),(496,'Отделение связи № 29 Гродненского филиала РУП «Белпочта»','Отделение связи № 29 Гродненского филиала РУП «Белпочта»',1,1,NULL,31,0),(497,'Отделение связи № 30 Гродненского филиала РУП «Белпочта»','Отделение связи № 30 Гродненского филиала РУП «Белпочта»',1,1,NULL,31,0),(498,'Автовокзал г. Гродно филиал ОАО «Гроднооблавтотранс»','Автовокзал г. Гродно филиал ОАО «Гроднооблавтотранс»',1,1,NULL,29,0),(499,'Железнодорожный вокзал БПУТРУП «Барановичское отделение Белорусской железной дороги»','Ж/д вокзал «Барановичское отделение Белорусской железной дороги»',1,1,NULL,29,0),(500,'ГУО «Гродненская детская школа искусств им. А. Тизенгауза»','«Гродненская детская школа искусств им. А. Тизенгауза»',1,1,NULL,42,0),(501,'ГУО «Детская художественная школа искусств г.Гродно»','«Детская художественная школа искусств г.Гродно»',1,1,NULL,42,0),(502,'ГУО «Детская музыкальная школа искусств №1 им. Ю.В. Семеняко г.Гродно»','«Детская музыкальная школа искусств №1 им. Ю.В. Семеняко г.Гродно»',1,1,NULL,42,0),(503,'ГУО «Детская музыкальная школа искусств №2 г.Гродно»','«Детская музыкальная школа искусств №2 г.Гродно»',1,1,NULL,42,0),(504,'Городская централизованная библиотечная система','Городская централизованная библиотечная система',1,1,NULL,41,0),(505,'Филиал №1 городской централизованной библиотечной системы','Филиал №1 городской централизованной библиотечной системы',1,1,NULL,41,0),(506,'Филиал №2 городской централизованной библиотечной системы','Филиал №2 городской централизованной библиотечной системы',1,1,NULL,41,0),(507,'Филиал №3 городской централизованной библиотечной системы','Филиал №3 городской централизованной библиотечной системы',1,1,NULL,41,0),(508,'Филиал №4 городской централизованной библиотечной системы','Филиал №4 городской централизованной библиотечной системы',1,1,NULL,41,0),(509,'Филиал №5 городской централизованной библиотечной системы','Филиал №5 городской централизованной библиотечной системы',1,1,NULL,41,0),(510,'Филиал №6 городской централизованной библиотечной системы','Филиал №6 городской централизованной библиотечной системы',1,1,NULL,41,0),(511,'Филиал №7 городской централизованной библиотечной системы','Филиал №7 городской централизованной библиотечной системы',1,1,NULL,41,0),(512,'Филиал №8 городской централизованной библиотечной системы','Филиал №8 городской централизованной библиотечной системы',1,1,NULL,41,0),(513,'Филиал №9 городской централизованной библиотечной системы','Филиал №9 городской централизованной библиотечной системы',1,1,NULL,41,0),(514,'Филиал №10 городской централизованной библиотечной системы','Филиал №10 городской централизованной библиотечной системы',1,1,NULL,41,0),(515,'Филиал №11 городской централизованной библиотечной системы','Филиал №11 городской централизованной библиотечной системы',1,1,NULL,41,0),(516,'Филиал №12 городской централизованной библиотечной системы','Филиал №12 городской централизованной библиотечной системы',1,1,NULL,41,0),(517,'Библиотека польской литературы','Библиотека польской литературы',1,1,NULL,41,0),(518,'Библиотечный пункт городской центральной библиотеки','Библиотечный пункт городской центральной библиотеки',1,1,NULL,41,0),(519,'Центральная детская библиотека','Центральная детская библиотека',1,1,NULL,41,0),(520,'ГУК «Гродненский Дворец культуры»','«Гродненский Дворец культуры»',1,1,NULL,41,0),(521,'ГУ «Центр культуры г.Гродно»','«Центр культуры г.Гродно»',1,1,NULL,43,0),(522,'ГУ «Центр культуры г. Гродно»','«Центр культуры г. Гродно»',1,1,NULL,43,0),(523,'ГУК «Гродненский выставочный зал»','«Гродненский выставочный зал»',1,1,NULL,43,0),(524,'УО «Гродненский государственный профессионально-техническийколледж коммунального хозяйства»','«Гродненский государственный профессионально-техническийколледж коммунального хозяйства»',1,1,NULL,34,0),(525,'УО «Гродненский государственный колледж искусств»','«Гродненский государственный колледж искусств»',1,1,NULL,34,0),(526,'Учреждение образования «Гродненский государственный профессионально-технический колледж приборостроения»','«Гродненский государственный профессионально-технический колледж приборостроения»',1,1,NULL,34,0),(527,'УО «Гродненский государственный музыкальный колледж»','«Гродненский государственный музыкальный колледж»',1,1,NULL,34,0),(528,'Частное учреждение образования «БИП-Институт правоведения» Гродненский филиал','«БИП-Институт правоведения» Гродненский филиал',1,1,NULL,33,0),(529,'УО «Гродненский государственный профессиональный технологический колледж»','«Гродненский государственный профессиональный технологический колледж»',1,1,NULL,34,0),(530,'УО «Гродненский государственный аграрный университет» (главный учебный корпус)','«Гродненский государственный аграрный университет» (главный учебный корпус)',1,1,NULL,33,0),(531,'УО «Гродненский государственный аграрный университет» (учебный корпус № 2)','«Гродненский государственный аграрный университет» (учебный корпус № 2)',1,1,NULL,33,0),(532,'УО «Гродненский государственный аграрный университет» (учебный  корпус № 3)','«Гродненский государственный аграрный университет» (учебный  корпус № 3)',1,1,NULL,33,0),(533,'УО «Гродненский государственный аграрный университет» (учебный  корпус № 4)','«Гродненский государственный аграрный университет» (учебный  корпус № 4)',1,1,NULL,33,0),(534,'УО «Гродненский государственный аграрный университет» (учебный  корпус № 5)','«Гродненский государственный аграрный университет» (учебный  корпус № 5)',1,1,NULL,33,0),(535,'УО «Гродненский государственный аграрный университет» (кафедра механизации)','«Гродненский государственный аграрный университет» (кафедра механизации)',1,1,NULL,33,0),(536,'УО «Гродненский государственный аграрный университет» (кафедра растениеводства)','«Гродненский государственный аграрный университет» (кафедра растениеводства)',1,1,NULL,33,0),(537,'УО «Гродненский государственный аграрный университет» (кафедра иностранных языков)','«Гродненский государственный аграрный университет» (кафедра иностранных языков)',1,1,NULL,33,0),(538,'Технологический колледж УО «Гродненский государственный университет им. Я. Купалы»','Технологический колледж УО «Гродненский государственный университет им. Я. Купалы»',1,1,NULL,34,0),(539,'УО «Гродненский государственный колледж техники, технологий и дизайна»','',1,1,NULL,34,0),(540,'Гродненский гуманитарный колледж УО «Гродненский государственный университет им. Я. Купалы»','Гродненский гуманитарный колледж УО «Гродненский государственный университет им. Я. Купалы»',1,1,NULL,34,0),(541,'УО «Гродненский государственный профессионально-технический колледж бытового обслуживания»','«Гродненский государственный профессионально-технический колледж бытового обслуживания»',1,1,NULL,34,0),(542,'УО «Гродненскийгосударственныймедицинскийуниверситет»(главный корпус)','«Гродненскийгосударственныймедицинскийуниверситет»(главный корпус)',1,1,NULL,33,0),(543,'УО «Гродненскийгосударственныймедицинскийуниверситет»(биологическийкорпус)','«Гродненскийгосударственныймедицинскийуниверситет»(биологическийкорпус)',1,1,NULL,33,0),(544,'УО «Гродненскийгосударственныймедицинскийуниверситет»(лабораторныйкорпус)','«Гродненскийгосударственныймедицинскийуниверситет»(лабораторныйкорпус)',1,1,NULL,33,0),(545,'УО «Гродненскийгосударственныймедицинскийуниверситет»(научно-исследовательскаялаборатория)','«Гродненскийгосударственныймедицинскийуниверситет»(научно-исследовательскаялаборатория)',1,1,NULL,33,0),(546,'УО «Гродненский торговый колледж» Белкоопсоюза','«Гродненский торговый колледж» Белкоопсоюза',1,1,NULL,34,0),(547,'УО «Гродненский государственный медицинский колледж»','«Гродненский государственный медицинский колледж»',1,1,NULL,34,0),(548,'УО «Гродненский государственный политехнический колледж»','«Гродненский государственный политехнический колледж»',1,1,NULL,34,0),(549,'УО «Гродненский государственный университет имени Янки Купалы» (учебный корпус №1)','«Гродненский государственный университет имени Янки Купалы» (учебный корпус №1)',1,1,NULL,33,0),(550,'УО «Гродненский государственный университет имени Янки Купалы» (учебный корпус № 2)','«Гродненский государственный университет имени Янки Купалы» (учебный корпус № 2)',1,1,NULL,33,0),(551,'УО «Гродненский государственный университет имени Янки Купалы» (учебный корпус № 3)','«Гродненский государственный университет имени Янки Купалы» (учебный корпус № 3)',1,1,NULL,33,0),(552,'УО «Гродненский государственный университет имени Янки Купалы» (учебный корпус № 4)','«Гродненский государственный университет имени Янки Купалы» (учебный корпус № 4)',1,1,NULL,33,0),(553,'УО «Гродненский государственный университет имени Янки Купалы» (учебный корпус № 5)','«Гродненский государственный университет имени Янки Купалы» (учебный корпус № 5)',1,1,NULL,33,0),(554,'УО «Гродненский государственный университет имени Янки Купалы» (учебный корпус № 6)','«Гродненский государственный университет имени Янки Купалы» (учебный корпус № 6)',1,1,NULL,33,0),(555,'УО «Гродненский государственный университет имени Янки Купалы» (учебный корпус № 7)','«Гродненский государственный университет имени Янки Купалы» (учебный корпус № 7)',1,1,NULL,33,0),(556,'УО «Гродненский государственный университет имени Янки Купалы» (учебный корпус № 8, 8а)','',1,1,NULL,33,0),(557,'УО «Гродненский государственный университет имени Янки Купалы» (учебный корпус № 9)','«Гродненский государственный университет имени Янки Купалы» (учебный корпус № 9)',1,1,NULL,33,0),(558,'УО «Гродненский государственный университет имени Янки Купалы» (учебный корпус № 10)','«Гродненский государственный университет имени Янки Купалы» (учебный корпус № 10)',1,1,NULL,33,0),(559,'УО «Гродненский государственный университет имени Янки Купалы» (производственно-лабораторный корпус)','«Гродненский государственный университет имени Янки Купалы» (производственно-лабораторный корпус)',1,1,NULL,33,0),(560,'УО «Гродненский государствен-ный  строительный профессио-нальный лицей»','«Гродненский государствен-ный  строительный профессио-нальный лицей»',1,1,NULL,34,0),(561,'УО «Гродненский государственный химико-технологический профессиональный лицей»','«Гродненский государственный химико-технологический профессиональный лицей»',1,1,NULL,34,0),(562,'ЧУО «Гродненский колледж бизнеса и права»','«Гродненский колледж бизнеса и права»',1,1,NULL,34,0),(563,'УО «Гродненский государственный профессиональный электротехнический колледж им. Счастного»','«Гродненский государственный профессиональный электротехнический колледж им. Счастного»',1,1,NULL,34,0),(564,'КУП «Аквацентр»','КУП «Аквацентр»',1,1,NULL,35,0),(565,'Баня на Титова','Баня на Титова',1,1,NULL,35,0),(566,'Баня на Болдина','Баня на Болдина',1,1,NULL,35,0),(567,'Баня','Баня',1,1,NULL,35,0),(568,'Универсам ОАО « Продсервис»','Универсам',1,1,NULL,36,0),(569,'Магазин ОАО «Веста»','Магазин',1,1,NULL,36,0),(570,'Универсам «Алми» ЗАО «Юнифуд»','Универсам «Алми»',1,1,NULL,36,0),(571,'Торговый комплекс ЧУИП «Конте Инвест»','Торговый комплекс ЧУИП «Конте Инвест»',1,1,NULL,36,0),(572,'Универсам №8 «Родная Сторона» ОАО «Продсервис»','Универсам №8 «Родная Сторона»',1,1,NULL,36,0),(573,'Магазин ООО «БелМаркет»','Магазин ООО «БелМаркет»',1,1,NULL,36,0),(574,'Универсам «Вишневец» ГГТУП «Нарочь»','Универсам «Вишневец»',1,1,NULL,36,0),(575,'Магазин «Ника» СПК «Октябрь»','Магазин «Ника»',1,1,NULL,36,0),(576,'Универсам «Томинский» ТКП ОАО «Гроднопромстрой»','Универсам «Томинский»',1,1,NULL,36,0),(577,'Универсам «Алми» ЗАО «Юнифуд»','Универсам «Алми»',1,1,NULL,36,0),(578,'Магазин «Каскад» ГГТУП «Нарочь»','Магазин «Каскад»',1,1,NULL,36,0),(579,'Магазин «Экспресс» ООО «Барташевич»','Магазин «Экспресс»',1,1,NULL,36,0),(580,'Магазин «Фламинго» ООО «БелМаркет»','Магазин «Фламинго»',1,1,NULL,36,0),(581,'Магазин «Евроопт» ООО «Евроторг».','Магазин «Евроопт»',1,1,NULL,36,0),(582,'Магазин №9 РУП «ТПУ при МОРБ « филиал  «Военсервис»','Магазин №9 РУП «ТПУ при МОРБ « филиал  «Военсервис»',1,1,NULL,36,0),(583,'Универсам «Алми» ЗАО «Юнифуд»','Универсам «Алми»',1,1,NULL,36,0),(585,'Магазин «Крыница»ОАО «Продсервис»','Магазин «Крыница»',1,1,NULL,36,0),(586,'Магазин ОАО «ТД 1000 мелочей»','Магазин ОАО «ТД 1000 мелочей»',1,1,NULL,36,0),(587,'Магазин «Переселка» ГГТУП «Купалинка»','Магазин «Переселка»',1,1,NULL,36,0),(588,'Магазин «Универсам «Рублевские сети» ООО «ТД Немига-Фаворит»','Магазин «Универсам «Рублевские сети»',1,1,NULL,36,0),(589,'Магазин «Виктория» ГГТУП «Купалинка»','Магазин «Виктория»',1,1,NULL,36,0),(590,'Магазин «Радуга» ГГТУП «Купалинка»','Магазин «Радуга»',1,1,NULL,36,0),(591,'Магазин «Западный» ОАО «Плодоовощсервис»','Магазин «Западный»',1,1,NULL,36,0),(592,'Магазин «Полесье» ОАО «Продсервис»','Магазин «Полесье»',1,1,NULL,36,0),(593,'Магазин «Техника в быту» ОАО «Ясень»','Магазин «Техника в быту»',1,1,NULL,36,0),(594,'Магазин «5 элемент» ООО «Гродно Техно»','Магазин «5 элемент»',1,1,NULL,36,0),(595,'Магазин «Янтарь» ОАО «Плодоовощсервис»','Магазин «Янтарь»',1,1,NULL,36,0),(596,'Магазин «Нарочь» ГГТУП «Нарочь»','Магазин «Нарочь»',1,1,NULL,36,0),(597,'Магазин «Гродненский» ОАО «Продсервис»','Магазин «Гродненский»',1,1,NULL,36,0),(598,'Универмаг ОАО «Торговый дом «Неман»','Универмаг ОАО «Торговый дом «Неман»',1,1,NULL,36,0),(599,'Торговый комплекс ООО «Детский мир» (1 этаж)','Торговый комплекс ООО «Детский мир»',1,1,NULL,36,0),(600,'Магазин «Центральный» ОАО «Продсервис»','Магазин «Центральный»',1,1,NULL,36,0),(601,'Магазин «Родны кут» Гродненского филиала ОПО','Магазин «Родны кут»',1,1,NULL,36,0),(602,'Магазин «Планета» ОАО «Продсервис»','Магазин «Планета»',1,1,NULL,36,0),(603,'Магазин «Алми» ЗАО «Юнифуд»','Магазин «Алми»',1,1,NULL,36,0),(604,'Магазин «Родны кут» Гродненского филиала ОПО','Магазин «Родны кут»',1,1,NULL,36,0),(605,'Магазин «Спорттовары»','Магазин «Спорттовары»',1,1,NULL,36,0),(606,'Магазин «Евроопт» ООО «Евроторг»','Магазин «Евроопт»',1,1,NULL,36,0),(607,'Магазин ГГТУП «Лимож»','Магазин ГГТУП «Лимож»',1,1,NULL,36,0),(608,'Магазин «Свитанак» ГГТУП «Нарочь»','Магазин «Свитанак»',1,1,NULL,36,0),(609,'Магазин «Белые росы» ООО «Белмаркет»','Магазин «Белые росы»',1,1,NULL,36,0),(610,'Универсам «Алми» ЗАО «Юнифуд»','Универсам «Алми»',1,1,NULL,36,0),(611,'Магазин «Евроторг» ООО «Евроопт»','Магазин «Евроторг»',1,1,NULL,36,0),(612,'Магазин «Стройматериалы» ОАО «Ясень»','Магазин «Стройматериалы»',1,1,NULL,36,0),(613,'Магазин №2 ОАО «Продсервис»','Магазин №2 ОАО «Продсервис»',1,1,NULL,36,0),(614,'Магазин «Суворовский» ОАО «Гродненский мясокомбинат»','Магазин «Суворовский»',1,1,NULL,36,0),(615,'магазин «Экспресс» ООО «Барташевич»','магазин «Экспресс»',1,1,NULL,36,0),(616,'Магазин «Евроопт» филиала ООО «Евроторг» по Гродненской области','Магазин «Евроопт»',1,1,NULL,36,0),(617,'ОВД администрации Ленинского района г.Гродно','ОВД администрации Ленинского района г.Гродно',1,1,NULL,37,0),(618,'Общественный пункт охраны порядка ОВД администрации Ленинского района г.Гродно','Общественный пункт охраны порядка ОВД администрации Ленинского района г.Гродно',1,1,NULL,37,0),(619,'Общественный пункт охраны порядка ОВД администрации Ленинского района г.Гродно','Общественный пункт охраны порядка ОВД администрации Ленинского района г.Гродно',1,1,NULL,37,0),(620,'Общественный пункт охраны порядка ОВД администрации Ленинского района г.Гродно','Общественный пункт охраны порядка ОВД администрации Ленинского района г.Гродно',1,1,NULL,37,0),(621,'Общественный пункт охраны порядка ОВД администрации Ленинского района г.Гродно','Общественный пункт охраны порядка ОВД администрации Ленинского района г.Гродно',1,1,NULL,37,0),(622,'Отделение по гражданству и миграции ОВД администрации Ленинского района г.Гродно','Отделение по гражданству и миграции ОВД администрации Ленинского района г.Гродно',1,1,NULL,37,0),(623,'Общественный пункт охраны порядка ОВД администрации Ленинского района г.Гродно','Общественный пункт охраны порядка ОВД администрации Ленинского района г.Гродно',1,1,NULL,37,0),(624,'Инспекция Министерства по налогам и сборам Республики Беларусь по Ленинскому району г.Гродно','Инспекция Министерства по налогам и сборам Республики Беларусь по Ленинскому району г.Гродно',1,1,NULL,38,0),(625,'Инспекция Министерства по налогам и сборам Республики Беларусь по Ленинскому району г.Гродно','Инспекция Министерства по налогам и сборам Республики Беларусь по Ленинскому району г.Гродно',1,1,NULL,38,0),(626,'Отдел внутренних дел администрации Октябрьского района г.Гродно','Отдел внутренних дел администрации Октябрьского района г.Гродно',1,1,NULL,37,0),(627,'Инспекция Министерства по налогам и сборам Республики Беларусь по Октябрьскому району г.Гродно','Инспекция Министерства по налогам и сборам Республики Беларусь по Октябрьскому району г.Гродно',1,1,NULL,38,0),(628,'Общественный пункт охраны порядка ОВД администрации Октябрьского района г.Гродно','Общественный пункт охраны порядка ОВД администрации Октябрьского района г.Гродно',1,1,NULL,37,0),(629,'Общественный пункт охраны порядка ОВД администрации Октябрьского района г.Гродно','Общественный пункт охраны порядка ОВД администрации Октябрьского района г.Гродно',1,1,NULL,37,0),(630,'Общественный пункт охраны порядка ОВД администрации Октябрьского района г.Гродно','Общественный пункт охраны порядка ОВД администрации Октябрьского района г.Гродно',1,1,NULL,37,0),(631,'Общественный пункт охраны порядка ОВД администрации Октябрьского района г.Гродно','Общественный пункт охраны порядка ОВД администрации Октябрьского района г.Гродно',1,1,NULL,37,0),(632,'Общественный пункт охраны порядка ОВД администрации Октябрьского района г.Гродно','Общественный пункт охраны порядка ОВД администрации Октябрьского района г.Гродно',1,1,NULL,37,0),(633,'Общественный пункт охраны порядка ОВД администрации Октябрьского района г.Гродно','Общественный пункт охраны порядка ОВД администрации Октябрьского района г.Гродно',1,1,NULL,37,0),(634,'Общественный пункт охраны порядка ОВД администрации Октябрьского района г.Гродно','Общественный пункт охраны порядка ОВД администрации Октябрьского района г.Гродно',1,1,NULL,37,0),(635,'Отделение по гражданству и миграции ОВД администрации Октябрьского района г.Гродно','Отделение по гражданству и миграции ОВД администрации Октябрьского района г.Гродно',1,1,NULL,37,0),(636,'Комплекс объектов общественного питания (1 этаж) ООО «Зегам»','Комплекс объектов общественного питания (1 этаж) ООО «Зегам»',1,1,NULL,39,0),(637,'Ресторан бистро «Семафор» ГГТУП «Купалинка»','Ресторан бистро «Семафор»',1,1,NULL,39,0),(638,'Кафетерий ГГТУП «Купалинка»','Кафетерий ГГТУП «Купалинка»',1,1,NULL,39,0),(639,'Кафе «Эльгуста» УЧТП «Рим»','Кафе «Эльгуста»',1,1,NULL,39,0),(640,'Кафе «Романтика» ГГТУП «Нарочь»','Кафе «Романтика»',1,1,NULL,39,0),(641,'Бар «Палуба» ГГТУП «Нарочь»','Бар «Палуба»',1,1,NULL,39,0),(642,'Ресторан «Неман» ООО «Отель Неман»','Ресторан «Неман»',1,1,NULL,39,0),(643,'Ресторан быстрого обслуживания «Семафор»','Ресторан быстрого обслуживания «Семафор»',1,1,NULL,39,0),(644,'Кафе «Гарадница» ОАО «Продсервис»','Кафе «Гарадница»',1,1,NULL,39,0),(645,'Ресторан «Белые Розы» ОДО «Альбион Запад»','Ресторан «Белые Розы»',1,1,NULL,39,0),(646,'Кафе «Витрувий» ОАО «ГНИИ Азотной промышленности и продуктов синтеза»','Кафе «Витрувий»',1,1,NULL,39,0),(647,'Кафе 1 этаж ЧУП «ГродноТурист»','Кафе 1 этаж ЧУП «ГродноТурист»',1,1,NULL,39,0),(648,'Ресторан «Золотой теленок» ООО «Фирма Атлантик»','Ресторан «Золотой теленок»',1,1,NULL,39,0),(649,'Кафе «Рандеву» ТООО «Фирма Верасень»','Кафе «Рандеву»',1,1,NULL,39,0),(650,'Кафе «Еда» ТООО «Фирма Верасень»','Кафе «Еда»',1,1,NULL,39,0),(651,'Кафетерий ООО «Немига – фаворит»','Кафетерий ООО «Немига – фаворит»',1,1,NULL,39,0),(652,'Кафе ООО «Путник»','Кафе ООО «Путник»',1,1,NULL,39,0),(653,'Кафе «Полька» ООО «Полька Премиум»','Кафе «Полька»',1,1,NULL,39,0),(654,'Бар –пиццерия УЧП «Метро  Клуб»','Бар –пиццерия УЧП «Метро  Клуб»',1,1,NULL,39,0),(655,'Ресторан» Кронон парк отель» СООО «АвегроМосс»','Ресторан» Кронон парк отель»',1,1,NULL,39,0),(656,'Кафе «Спадчина» ГГКУП «КШП Октябрьского района»','Кафе «Спадчина»',1,1,NULL,39,0),(657,'Кафе «Веста» ООО «Веста»','Кафе «Веста»',1,1,NULL,39,0),(658,'Управление социальной защиты администрации Ленинского района г.Гродно','Управление социальной защиты администрации Ленинского района г.Гродно',1,1,NULL,40,0),(659,'Управление социальной защиты администрации Октябрьского района г.Гродно','Управление социальной защиты администрации Октябрьского района г.Гродно',1,1,NULL,40,0),(660,'Государственное учреждение «Центр социального обслуживания населения Ленинского района г.Гродно»','ГУ «Центр социального обслуживания населения Ленинского района г.Гродно»',1,1,NULL,40,0),(661,'Государственное учреждение «Центр социального обслуживания населения Октябрьского района г.Гродно»','ГУ «Центр социального обслуживания населения Октябрьского района г.Гродно»',1,1,NULL,40,0),(662,'Отделение дневного пребывания для инвалидов государственного учреждения «Центр социального обслуживания населения Ленинского района г.Гродно»','Отделение дневного пребывания для инвалидов ГУ «Центр соц обслуживания населения Ленинского района г.Гродно»',1,1,NULL,40,0),(663,'Отделение дневного пребывания для инвалидов государственного учреждения «Центр социального обслуживания населения Октябрьского района г.Гродно»','Отделение дневного пребывания для инвалидов ГУ «Центр соцобслуживания населения Октябрьского района г.Гродно»',1,1,NULL,40,0),(664,'Социальный пункт государственного учреждения «Центр социального обслуживания населения Ленинского района г.Гродно»','Социальный пункт ГУ «Центр социального обслуживания населения Ленинского района г.Гродно»',1,1,NULL,40,0),(665,'Социальный пункт государственного учреждения «Центр социального обслуживания населения Ленинского района г.Гродно»','Центр социального обслуживания населения Ленинского района г.Гродно',1,1,NULL,40,0),(666,'Социальный пункт государственного учреждения «Центр социального обслуживания населения Ленинского района г.Гродно»','Центр социального обслуживания населения Ленинского района г.Гродно',1,1,NULL,40,0),(667,'Филиал государственного учреждения «Центр социального обслуживания населения Ленинского района г.Гродно»','Филиал Центра социального обслуживания населения Ленинского района г.Гродно',1,1,NULL,40,0),(668,'Социальный пункт государственного учреждения «Центр социального обслуживания населения Октябрьского района г.Гродно»','Центр социального обслуживания населения Октябрьского района г.Гродно',1,1,NULL,40,0),(669,'Социальный пункт государственного учреждения «Центр социального обслуживания населения Октябрьского района г.Гродно»','Центр социального обслуживания населения Октябрьского района г.Гродно',1,1,NULL,40,0),(670,'Гродненское областное управление Фонда социальной защиты населения Министерства труда и социальной защиты Республики Беларусь','Гродненское областное управление Фонда социальной защиты населения',1,1,NULL,40,0),(671,'Гродненский районный отдел Гродненского областного управления Фонда социальной защиты населения Министерства труда и социальной Республики Беларусь','Гродненский райотдел Гродненского областного управления Фонда соцзащиты населения',1,1,NULL,40,0),(672,'Ленинский районный отдел Гродненского областного управления Фонда социальной защиты населения Министерства труда и социальной Республики Беларусь','Ленинский райотдел Гродненского областного управления Фонда соцзащиты населения',1,1,NULL,40,0),(673,'Октябрьский районный отдел Гродненского областного управления Фонда социальной защиты населения Министерства труда и социальной Республики Беларусь','Октябрьский райотдел Гродненского областного управления Фонда соцзащиты населения',1,1,NULL,40,0),(674,'Государственное учреждение социального обслуживания «Дом ветеранов»','Дом ветеранов',1,1,NULL,40,0),(675,'Государственное учреждение «Гродненский городской дом ночного пребывания лиц без определенного места жительства»','Гродненский городской дом ночного пребывания лиц без определенного места жительства',1,1,NULL,40,0);
/*!40000 ALTER TABLE `organization` ENABLE KEYS */;
UNLOCK TABLES;

--
-- Table structure for table `organization_has_element`
--

DROP TABLE IF EXISTS `organization_has_element`;
/*!40101 SET @saved_cs_client     = @@character_set_client */;
/*!40101 SET character_set_client = utf8 */;
CREATE TABLE `organization_has_element` (
  `organization_id` int(11) NOT NULL,
  `element_id` int(11) NOT NULL,
  PRIMARY KEY (`organization_id`,`element_id`),
  KEY `fk_organization_has_element_element1_idx` (`element_id`),
  KEY `fk_organization_has_element_organization1_idx` (`organization_id`),
  CONSTRAINT `fk_organization_has_element_element1` FOREIGN KEY (`element_id`) REFERENCES `element` (`id`) ON DELETE NO ACTION ON UPDATE NO ACTION,
  CONSTRAINT `fk_organization_has_element_organization1` FOREIGN KEY (`organization_id`) REFERENCES `organization` (`id`) ON DELETE NO ACTION ON UPDATE NO ACTION
) ENGINE=InnoDB DEFAULT CHARSET=utf8;
/*!40101 SET character_set_client = @saved_cs_client */;

--
-- Dumping data for table `organization_has_element`
--

LOCK TABLES `organization_has_element` WRITE;
/*!40000 ALTER TABLE `organization_has_element` DISABLE KEYS */;
INSERT INTO `organization_has_element` VALUES (5,1),(6,1),(8,1),(9,1),(10,1),(12,1),(6,2),(2,3),(4,3),(5,3),(6,3),(8,3),(9,3),(10,3),(12,3),(5,4),(6,4),(9,4),(12,4),(2,5),(4,5),(5,5),(6,5),(7,5),(8,5),(9,5),(10,5),(12,5),(5,6),(6,6),(12,6);
/*!40000 ALTER TABLE `organization_has_element` ENABLE KEYS */;
UNLOCK TABLES;

--
-- Table structure for table `region`
--

DROP TABLE IF EXISTS `region`;
/*!40101 SET @saved_cs_client     = @@character_set_client */;
/*!40101 SET character_set_client = utf8 */;
CREATE TABLE `region` (
  `id` int(11) NOT NULL AUTO_INCREMENT,
  `name` varchar(45) DEFAULT NULL,
  `Country_id` int(11) NOT NULL,
  PRIMARY KEY (`id`),
  KEY `fk_Region_Country1_idx` (`Country_id`),
  CONSTRAINT `fk_Region_Country` FOREIGN KEY (`Country_id`) REFERENCES `country` (`id`) ON DELETE NO ACTION ON UPDATE NO ACTION
) ENGINE=InnoDB AUTO_INCREMENT=2 DEFAULT CHARSET=utf8;
/*!40101 SET character_set_client = @saved_cs_client */;

--
-- Dumping data for table `region`
--

LOCK TABLES `region` WRITE;
/*!40000 ALTER TABLE `region` DISABLE KEYS */;
INSERT INTO `region` VALUES (1,'Гродненская область',1);
/*!40000 ALTER TABLE `region` ENABLE KEYS */;
UNLOCK TABLES;

--
-- Table structure for table `role`
--

DROP TABLE IF EXISTS `role`;
/*!40101 SET @saved_cs_client     = @@character_set_client */;
/*!40101 SET character_set_client = utf8 */;
CREATE TABLE `role` (
  `id` int(11) NOT NULL AUTO_INCREMENT,
  `role` varchar(45) DEFAULT NULL,
  PRIMARY KEY (`id`),
  UNIQUE KEY `idUserRole_UNIQUE` (`id`),
  UNIQUE KEY `Role_UNIQUE` (`role`)
) ENGINE=InnoDB AUTO_INCREMENT=4 DEFAULT CHARSET=utf8;
/*!40101 SET character_set_client = @saved_cs_client */;

--
-- Dumping data for table `role`
--

LOCK TABLES `role` WRITE;
/*!40000 ALTER TABLE `role` DISABLE KEYS */;
INSERT INTO `role` VALUES (1,'ADMIN'),(2,'ORGANIZATION'),(3,'PERSON');
/*!40000 ALTER TABLE `role` ENABLE KEYS */;
UNLOCK TABLES;

--
-- Table structure for table `street`
--

DROP TABLE IF EXISTS `street`;
/*!40101 SET @saved_cs_client     = @@character_set_client */;
/*!40101 SET character_set_client = utf8 */;
CREATE TABLE `street` (
  `id` int(11) NOT NULL,
  `name` longtext,
  `City_id` int(11) DEFAULT NULL,
  PRIMARY KEY (`id`),
  KEY `fk_Street_City_idx` (`City_id`),
  CONSTRAINT `fk_Street_City` FOREIGN KEY (`City_id`) REFERENCES `city` (`id`) ON DELETE NO ACTION ON UPDATE NO ACTION
) ENGINE=InnoDB DEFAULT CHARSET=utf8;
/*!40101 SET character_set_client = @saved_cs_client */;

--
-- Dumping data for table `street`
--

LOCK TABLES `street` WRITE;
/*!40000 ALTER TABLE `street` DISABLE KEYS */;
INSERT INTO `street` VALUES (1,'1 Мая',1),(2,'11-го Липеня',1),(3,'17 Сентября',1),(4,'1-ый Новый переулок',1),(5,'1-ый пер. О. Соломовой',1),(6,'2-ой Новый переулок',1),(7,'2-ой пер. О. Соломовой',1),(8,'2-ой пер.Дзержинского',1),(9,'3-ий пер. О. Соломовой',1),(10,'8 Марта (пос. Фабричный)',1),(11,'85 стрелковой девизии',1),(12,'А. Шидловского',1),(13,'Абремского',1),(14,'Автомобильная',1),(15,'Адамовичская',1),(16,'Академическая',1),(17,'Аксамитная',1),(18,'Аксёнова',1),(19,'Александровича',1),(20,'Альхимовича',1),(21,'Антонова',1),(22,'Артема',1),(23,'Асфальтная',1),(24,'Аульская',1),(25,'Б. Ольшанка дер.',1),(26,'Бабина Гора',1),(27,'Бабкина',1),(28,'Бажоры Ф.',1),(29,'Бакштанского',1),(30,'Балицкого',1),(31,'Барановичская',1),(32,'Баранцевича',1),(33,'Белинского',1),(34,'Белорусская',1),(35,'Белостокская',1),(36,'Белуша',1),(37,'1-ый пер. Белуша',1),(38,'2-ой пер. Белуша',1),(39,'Белые Росы',1),(40,'Бертеля',1),(41,'Блакитная',1),(42,'БЛК',1),(43,'Бобровского',1),(44,'Богатая',1),(45,'Богдановича',1),(46,'Богуцкого',1),(47,'Богушевича',1),(48,'Болдина',1),(49,'Большая Каплица',1),(50,'Большая Троицкая',1),(51,'Бондовского А.',1),(52,'Ботаническая',1),(53,'Братская',1),(54,'Брестская',1),(55,'Брикеля',1),(56,'Брусничная',1),(57,'Будённого',1),(58,'Букетная',1),(59,'бульвар Ленинского Комсомола',1),(60,'Бурштыновая (янтарная)',1),(61,'В. Хоружей',1),(62,'Ваньковича',1),(63,'Василька',1),(64,'Ватутина',1),(65,'Венечная',1),(66,'Вербовая',1),(67,'Вересковая',1),(68,'Весёлая',1),(69,'Весенняя',1),(70,'Виленская',1),(71,'Вир',1),(72,'Социалистическая',1),(73,'Вишневая',1),(74,'Вишневец',1),(75,'Вишневецкая',1),(76,'Волжецкого',1),(77,'Волкова',1),(78,'Волковича',1),(79,'Восточная',1),(80,'Врублевского',1),(81,'Встречная',1),(82,'Высокая',1),(83,'Гагарина',1),(84,'Гарбарская',1),(85,'Гастелло',1),(86,'Гая',1),(87,'Гданьская',1),(88,'Герасимовича',1),(89,'Герцена',1),(90,'Гибуличи дер.',1),(91,'Гинтовта',1),(92,'Гоголя',1),(93,'Гожая',1),(94,'Гожская',1),(95,'Головичи',1),(96,'Гонионская',1),(97,'Гончарная',1),(98,'Горная',1),(99,'Горновых',1),(100,'Городничанская (Энгельса)',1),(101,'Городская',1),(102,'Горы',1),(103,'Горького',1),(104,'Грандичская',1),(105,'пер. Грандичский',1),(106,'Григоровича',1),(107,'Гродненская',1),(108,'Гротгера',1),(109,'Грюнвальдская',1),(110,'Д. Городенского (Новозамковая)',1),(111,'Давыда Городенского',1),(112,'Дальняя',1),(113,'Дамейки',1),(114,'Дарвина',1),(115,'Дачная',1),(116,'Девятовка',1),(117,'Декабристов',1),(118,'Демченко',1),(119,'дер. Куколи',1),(120,'Дзержинскго переулок',1),(121,'Дзержинского',1),(122,'Дзержинского переулок',1),(123,'Дмитриевка',1),(124,'Добрая',1),(125,'Добролюбова',1),(126,'Доватора',1),(127,'Домбровского',1),(128,'Достойная',1),(129,'Дроздовая',1),(130,'Дружбы',1),(131,'Дружеская',1),(132,'Друскеницкая',1),(133,'Друцк',1),(134,'Дубко А. И.',1),(135,'Дуброва',1),(136,'Дубровенская',1),(137,'Еловая',1),(138,'Ельского',1),(139,'Желанная',1),(140,'Железная',1),(141,'Железнодорожная',1),(142,'Желковского',1),(143,'Житняя (Ржаная)',1),(144,'Жнивеньская',1),(145,'Жуковского',1),(146,'Заболоть',1),(147,'Заверщизна',1),(148,'Заветная',1),(149,'Заводская',1),(150,'Замковая',1),(151,'Замковая',1),(152,'Зана',1),(153,'Западная',1),(154,'Западная',1),(155,'Запрудная',1),(156,'Заречная',1),(157,'Зарницкая',1),(158,'Заславского',1),(159,'Заслонова',1),(160,'Захарова',1),(161,'Збожовая',1),(162,'Звездная',1),(163,'Зелёная',1),(164,'Зернова',1),(165,'Золотарская (Урицкого)',1),(166,'Золотистая',1),(167,'И. Пушкова',1),(168,'Ивлиева',1),(169,'Издательская',1),(170,'Изумрудная',1),(171,'Индурское шоссе',1),(172,'Индустриальная',1),(173,'Интернациональная',1),(174,'Искристая',1),(175,'К. Маркса',1),(176,'Доминиканская',1),(177,'Кабяка',1),(178,'Кавязина',1),(179,'Казановского',1),(180,'Калинина',1),(181,'Калиновского',1),(182,'Каложа',1),(183,'Калючинская (Пассионария)',1),(184,'Капличная',1),(185,'Карбышева',1),(186,'Кармелюка',1),(187,'Карского',1),(188,'Каштановая',1),(189,'Кветко',1),(190,'Кириченко',1),(191,'Кирова',1),(192,'Кленовая',1),(193,'Ковальская',1),(194,'Колбасинская',1),(195,'Коллективная',1),(196,'Коложский парк',1),(197,'Колхозная',1),(198,'Кольцевая',1),(199,'Комарова',1),(200,'Комбайнерская',1),(201,'Коммунальная',1),(202,'Комсомольская',1),(203,'Королинская',1),(204,'Короткевича',1),(205,'Космодемьянской',1),(206,'Космонавтов',1),(207,'пр-т Космонавтов',1),(208,'пр-т Космонавтов',1),(209,'пр-т Космонатов',1),(210,'Костюшко',1),(211,'Котовского',1),(212,'Кохановского (Учхозовская)',1),(213,'Краевидная',1),(214,'Крайняя',1),(215,'Красная',1),(216,'Красноармейская',1),(217,'Красногвардейская',1),(218,'Краснознамённая',1),(219,'Краснопартизанская',1),(220,'Краснофлотская',1),(221,'Кремко',1),(222,'Криничная',1),(223,'Круговая',1),(224,'С. Батория',1),(225,'Крутая',1),(226,'Крылова',1),(227,'Кстинская',1),(228,'Куйбышева',1),(229,'Кульбакская',1),(230,'Купальская',1),(231,'пер. Купальский',1),(232,'Курбатова',1),(233,'Курбатова',1),(234,'Курчатова',1),(235,'Кутузова',1),(236,'Л. Чайкиной',1),(237,'Лагодная',1),(238,'Лазо',1),(239,'Лапенковская',1),(240,'Левонабережная',1),(241,'Лелевеля',1),(242,'Ленина',1),(243,'Лермонтова',1),(244,'Лесная',1),(245,'Летняя',1),(246,'Лидская',1),(247,'пер. Лидский',1),(248,'Лиможа',1),(249,'Липеньская',1),(250,'Липеня',1),(251,'Липская',1),(252,'Лисиная горка',1),(253,'Литовская',1),(254,'Лососно',1),(255,'Лососянская',1),(256,'Луговая',1),(257,'Лынькова',1),(258,'Льва Бакста',1),(259,'Люксембург',1),(260,'пер. Магистральный',1),(261,'Мазовецкая',1),(262,'Максима Богдановича',1),(263,'пер. Малаховичский',1),(264,'Малая Троицкая (8 Марта)',1),(265,'Малиновая',1),(266,'Малый тупик',1),(267,'Малыщинская',1),(268,'Малыщинский переулок',1),(269,'Мануфактурная',1),(270,'Манюшки',1),(271,'Матросова',1),(272,'Маяковского',1),(273,'Медовая',1),(274,'Межевая',1),(275,'Меловые горы',1),(276,'Менделеева',1),(277,'пер. Менделеева',1),(278,'Меречская застава',1),(279,'Миговская',1),(280,'Милонеги',1),(281,'Минаева',1),(282,'Минейки',1),(283,'Минейки З.',1),(284,'Мира',1),(285,'Мирная',1),(286,'Мицкевича',1),(287,'Мичурина',1),(288,'Млынарная',1),(289,'Молодёжная',1),(290,'пер. Молодежный',1),(291,'Молочная',1),(292,'Мопровская',1),(293,'Морозова',1),(294,'Мостовая',1),(295,'Мулярская',1),(296,'Мясницкая',1),(297,'Н. Орды',1),(298,'Найдуса',1),(299,'Некрасова',1),(300,'Неманская',1),(301,'Немцевича',1),(302,'Низкая',1),(303,'Николаева',1),(304,'Новая',1),(305,'Новики',1),(306,'Новооктябрьская',1),(307,'Новосельская',1),(308,'Новый парк',1),(309,'Ногина',1),(310,'О. Кошевого (Б. Троицкая)',1),(311,'О. Соломовой',1),(312,'Объездная',1),(313,'Огинского',1),(314,'Огородная',1),(315,'Ожешко',1),(316,'Озерная',1),(317,'Озерское шоссе',1),(318,'Озёрское шоссе',1),(319,'Окрестная',1),(320,'Октябрьская',1),(321,'Окульная',1),(322,'Ольшанского',1),(323,'Орджоникидзе',1),(324,'Осенняя',1),(325,'Осипенко',1),(326,'Осовиахимовская',1),(327,'Островок',1),(328,'Островского',1),(329,'Отечественная',1),(330,'Отрадная',1),(331,'Отцовская',1),(332,'Павлова',1),(333,'Павловского',1),(334,'Панченки',1),(335,'Панченко',1),(336,'Парижской коммуны',1),(337,'Парковая',1),(338,'пер. Дзержинского',1),(339,'пер. Первый',1),(340,'Переселка',1),(341,'пер. Дальний',1),(342,'пер. Доватора',1),(343,'пер. Железнодорожный',1),(344,'пер. Жуковского',1),(345,'пер. Загородний',1),(346,'пер. Заслонова',1),(347,'пер. Победы',1),(348,'пер. Пролетарский',1),(349,'пер. Средний',1),(350,'пер. Шишкина',1),(351,'пер. Южный',1),(352,'пер. Переходный',1),(353,'Песочная',1),(354,'Пестеля',1),(355,'Пестрака',1),(356,'Пионерская',1),(357,'площадь Декабристов',1),(358,'площадь Ленина (Тызенгауза)',1),(359,'площадь Советская',1),(360,'площадь Тизенгауза',1),(361,'Победоносная',1),(362,'1-ый пер. Победоносный',1),(363,'2-ой пер. Победоносный',1),(364,'3-ий пер. Победоносный',1),(365,'Победы',1),(366,'Подгорная',1),(367,'Подкрыжацкая',1),(368,'Подкрыжцкая',1),(369,'Подольная',1),(370,'4-ый пер. Подольный',1),(371,'пер. Подольный',1),(372,'Подпереселка',1),(373,'Пожарского',1),(374,'Покровская',1),(375,'Полевая',1),(376,'Полесская',1),(377,'парк Полесский',1),(378,'Полиграфистов',1),(379,'Понемуньская',1),(380,'Попова',1),(381,'Поповича',1),(382,'Пороховая',1),(383,'пер. Пороховой',1),(384,'Портовая',1),(385,'Правонабережная',1),(386,'Праздничная',1),(387,'Пригородная',1),(388,'1-ый Пригородный пер.',1),(389,'2-ой Пригородный пер.',1),(390,'3-ий Пригородный пер.',1),(391,'4-ый Пригородный пер.',1),(392,'5-ый Пригородный пер.',1),(393,'6-ой Пригородный пер.',1),(394,'7-ой Пригородный пер.',1),(395,'пр-кт Клецкова',1),(396,'пр-кт Космонавтов',1),(397,'пр-кт Строителей',1),(398,'пр-кт Я. Купалы',1),(399,'Прогулочная',1),(400,'проезд Декабристов',1),(401,'Пролетарская',1),(402,'Пролетарская',1),(403,'Промысловая',1),(404,'Профсоюзная',1),(405,'Пугачева',1),(406,'Пучкова',1),(407,'Пучкова',1),(408,'Пушкина',1),(409,'урочище Пышки',1),(410,'Рабочая',1),(411,'Радужная',1),(412,'Разина',1),(413,'Ранняя',1),(414,'Рассветная (Свитальная)',1),(415,'Реймонта',1),(416,'Репина',1),(417,'Речная',1),(418,'Рогачевского',1),(419,'Рожанского',1),(420,'Рощинская',1),(421,'Рыбацкая',1),(422,'Рылеева',1),(423,'Рябиновая',1),(424,'Рязанова',1),(425,'Садакова',1),(426,'Садовая',1),(427,'Садовникова гора',1),(428,'Санаторная',1),(429,'Санфировой',1),(430,'Свердлова',1),(431,'Светлая',1),(432,'Северная',1),(433,'Сельская',1),(434,'Серафимовича',1),(435,'Серая',1),(436,'Серебряная',1),(437,'Сивачева',1),(438,'Скидельское шоссе',1),(439,'Скоморошки',1),(440,'Скосная',1),(441,'Скрынника',1),(442,'Славинского',1),(443,'Славянская',1),(444,'Словацкого',1),(445,'Смелая',1),(446,'Смирнова',1),(447,'Советская',1),(448,'Советских Пограничников',1),(449,'Совхозная',1),(450,'Соколиная',1),(451,'Соколовского',1),(452,'Сокольская',1),(453,'Солнечная',1),(454,'Соломенковская',1),(455,'Солы',1),(456,'Сопоцкинская',1),(457,'Сосновая',1),(458,'Социалистическая (Витовта)',1),(459,'Спартаковская',1),(460,'Спортивная',1),(461,'станция Лососно',1),(462,'Старозамковая',1),(463,'Старомалыщинская',1),(464,'Стахановская',1),(465,'Стрелковая',1),(466,'Студенческая',1),(467,'Суворова',1),(468,'Супольная',1),(469,'Сухая',1),(470,'Сухомбаева',1),(471,'Счастного',1),(472,'Сырокомли',1),(473,'Тавлая',1),(474,'Тарусичская',1),(475,'пер. Тарусичский',1),(476,'Татарская',1),(477,'Телеграфная',1),(478,'Тельмана',1),(479,'Тенистая',1),(480,'Терешковой',1),(481,'Тётки',1),(482,'Тимирязева',1),(483,'Титова',1),(484,'Тихая',1),(485,'1-ый пер. Тихий',1),(486,'2-ой пер. Тихий',1),(487,'Ткацкая',1),(488,'Толстого',1),(489,'Томина',1),(490,'Транспортная',1),(491,'Трудовая',1),(492,'Трудовая 1-ая',1),(493,'Трудовая 2-ая',1),(494,'Тызенгауза',1),(495,'Узкая',1),(496,'Уражайная',1),(497,'Урицкого',1),(498,'Урочище Грандичи',1),(499,'Урочище Грандичи',1),(500,'Урочище Грандичи',1),(501,'Урочище Грандичи',1),(502,'Урочище Грандичи',1),(503,'Усова',1),(504,'Ученическая',1),(505,'Фабричный пер.',1),(506,'Февральская',1),(507,'Фестивальная',1),(508,'Фолюш',1),(509,'Фомичева',1),(510,'Фрунзе',1),(511,'Фурсенко',1),(512,'Хвойная',1),(513,'Химиков',1),(514,'Химиков дворец',1),(515,'Хлебная',1),(516,'Хмельницкого',1),(517,'Холмистая',1),(518,'Холодная',1),(519,'Цегляная',1),(520,'Центральная',1),(521,'Чапаева (Василька)',1),(522,'Чародейная',1),(523,'Чароты М.',1),(524,'Черничная',1),(525,'Чернышевского',1),(526,'Черняховского',1),(527,'Чехова',1),(528,'Чистая',1),(529,'Чкалова',1),(530,'Шарипова',1),(531,'Шевченко',1),(532,'Шишкина',1),(533,'Школьная',1),(534,'Шоссейная',1),(535,'Щедрая',1),(536,'Щедрина',1),(537,'Щорса',1),(538,'Экзотическая',1),(539,'Городничанская',1),(540,'Южная',1),(541,'Я. Купалы',1),(542,'Яблоневая',1),(543,'Ягодная',1),(544,'Якуба Коласа',1),(545,'Янтарная (Бурштыновая)',1),(546,'Ясная',1),(547,'Полякова',1),(548,'пр-кт Фабричный',1),(549,'пер. Южный',1),(550,'Городенская',1),(551,'Берёзовая',1);
/*!40000 ALTER TABLE `street` ENABLE KEYS */;
UNLOCK TABLES;

--
-- Table structure for table `user`
--

DROP TABLE IF EXISTS `user`;
/*!40101 SET @saved_cs_client     = @@character_set_client */;
/*!40101 SET character_set_client = utf8 */;
CREATE TABLE `user` (
  `id` int(11) NOT NULL AUTO_INCREMENT,
  `firstname` varchar(45) DEFAULT NULL,
  `lastname` varchar(45) DEFAULT NULL,
  `email` varchar(45) DEFAULT NULL,
  `password` varchar(129) DEFAULT NULL,
  `role_id` int(11) NOT NULL,
  PRIMARY KEY (`id`),
  UNIQUE KEY `idUser_UNIQUE` (`id`),
  KEY `fk_user_role_idx` (`role_id`),
  CONSTRAINT `fk_user_role` FOREIGN KEY (`role_id`) REFERENCES `role` (`id`) ON DELETE NO ACTION ON UPDATE NO ACTION
) ENGINE=InnoDB AUTO_INCREMENT=6 DEFAULT CHARSET=utf8;
/*!40101 SET character_set_client = @saved_cs_client */;

--
-- Dumping data for table `user`
--

LOCK TABLES `user` WRITE;
/*!40000 ALTER TABLE `user` DISABLE KEYS */;
INSERT INTO `user` VALUES (1,'Ivan','Ivanov','i@ya.ru','password',3),(2,'Petr','Petrov','p@ya.ru','password',3),(3,'Andrei','Andreev','a@ya.ru','password',3),(4,'D','d','dimafromgrodno@yandex.ru','4dff4ea340f0a823f15d3f4f01ab62eae0e5da579ccb851f8db9dfe84c58b2b37b89903a740e1ee172da793a6e79d560e5f7f9bd058a12a280433ed6fa46510a',2),(5,'bfree-grodno@yandex.ru','bfree-grodno@yandex.ru','bfree-grodno@yandex.ru','4dff4ea340f0a823f15d3f4f01ab62eae0e5da579ccb851f8db9dfe84c58b2b37b89903a740e1ee172da793a6e79d560e5f7f9bd058a12a280433ed6fa46510a',1);
/*!40000 ALTER TABLE `user` ENABLE KEYS */;
UNLOCK TABLES;
/*!40103 SET TIME_ZONE=@OLD_TIME_ZONE */;

/*!40101 SET SQL_MODE=@OLD_SQL_MODE */;
/*!40014 SET FOREIGN_KEY_CHECKS=@OLD_FOREIGN_KEY_CHECKS */;
/*!40014 SET UNIQUE_CHECKS=@OLD_UNIQUE_CHECKS */;
/*!40101 SET CHARACTER_SET_CLIENT=@OLD_CHARACTER_SET_CLIENT */;
/*!40101 SET CHARACTER_SET_RESULTS=@OLD_CHARACTER_SET_RESULTS */;
/*!40101 SET COLLATION_CONNECTION=@OLD_COLLATION_CONNECTION */;
/*!40111 SET SQL_NOTES=@OLD_SQL_NOTES */;

-- Dump completed on 2015-05-26 20:29:57
